,lon,lat,forestcoverfraction
0,68.25,6.25,
1,68.25,6.75,
2,68.25,7.25,
3,68.25,7.75,
4,68.25,8.25,
5,68.25,8.75,
6,68.25,9.25,
7,68.25,9.75,
8,68.25,10.25,
9,68.25,10.75,
10,68.25,11.25,
11,68.25,11.75,
12,68.25,12.25,
13,68.25,12.75,
14,68.25,13.25,
15,68.25,13.75,
16,68.25,14.25,
17,68.25,14.75,
18,68.25,15.25,
19,68.25,15.75,
20,68.25,16.25,
21,68.25,16.75,
22,68.25,17.25,
23,68.25,17.75,
24,68.25,18.25,
25,68.25,18.75,
26,68.25,19.25,
27,68.25,19.75,
28,68.25,20.25,
29,68.25,20.75,
30,68.25,21.25,
31,68.25,21.75,
32,68.25,22.25,
33,68.25,22.75,
34,68.25,23.25,
35,68.25,23.75,2.0
36,68.25,24.25,2.0
37,68.25,24.75,5.0
38,68.25,25.25,2.0
39,68.25,25.75,1.0
40,68.25,26.25,4.0
41,68.25,26.75,4.0
42,68.25,27.25,3.0
43,68.25,27.75,5.0
44,68.25,28.25,4.0
45,68.25,28.75,1.0
46,68.25,29.25,0.0
47,68.25,29.75,0.0
48,68.25,30.25,0.0
49,68.25,30.75,0.0
50,68.25,31.25,0.0
51,68.25,31.75,0.0
52,68.25,32.25,0.0
53,68.25,32.75,0.0
54,68.25,33.25,0.0
55,68.25,33.75,0.0
56,68.25,34.25,0.0
57,68.25,34.75,1.0
58,68.25,35.25,1.0
59,68.25,35.75,0.0
60,68.25,36.25,0.0
61,68.75,6.25,
62,68.75,6.75,
63,68.75,7.25,
64,68.75,7.75,
65,68.75,8.25,
66,68.75,8.75,
67,68.75,9.25,
68,68.75,9.75,
69,68.75,10.25,
70,68.75,10.75,
71,68.75,11.25,
72,68.75,11.75,
73,68.75,12.25,
74,68.75,12.75,
75,68.75,13.25,
76,68.75,13.75,
77,68.75,14.25,
78,68.75,14.75,
79,68.75,15.25,
80,68.75,15.75,
81,68.75,16.25,
82,68.75,16.75,
83,68.75,17.25,
84,68.75,17.75,
85,68.75,18.25,
86,68.75,18.75,
87,68.75,19.25,
88,68.75,19.75,
89,68.75,20.25,
90,68.75,20.75,
91,68.75,21.25,
92,68.75,21.75,
93,68.75,22.25,2.0
94,68.75,22.75,
95,68.75,23.25,1.0
96,68.75,23.75,1.0
97,68.75,24.25,1.0
98,68.75,24.75,5.0
99,68.75,25.25,5.0
100,68.75,25.75,5.0
101,68.75,26.25,3.0
102,68.75,26.75,1.0
103,68.75,27.25,2.0
104,68.75,27.75,4.0
105,68.75,28.25,5.0
106,68.75,28.75,0.0
107,68.75,29.25,0.0
108,68.75,29.75,0.0
109,68.75,30.25,0.0
110,68.75,30.75,0.0
111,68.75,31.25,0.0
112,68.75,31.75,0.0
113,68.75,32.25,0.0
114,68.75,32.75,0.0
115,68.75,33.25,0.0
116,68.75,33.75,0.0
117,68.75,34.25,0.0
118,68.75,34.75,1.0
119,68.75,35.25,1.0
120,68.75,35.75,0.0
121,68.75,36.25,0.0
122,69.25,6.25,
123,69.25,6.75,
124,69.25,7.25,
125,69.25,7.75,
126,69.25,8.25,
127,69.25,8.75,
128,69.25,9.25,
129,69.25,9.75,
130,69.25,10.25,
131,69.25,10.75,
132,69.25,11.25,
133,69.25,11.75,
134,69.25,12.25,
135,69.25,12.75,
136,69.25,13.25,
137,69.25,13.75,
138,69.25,14.25,
139,69.25,14.75,
140,69.25,15.25,
141,69.25,15.75,
142,69.25,16.25,
143,69.25,16.75,
144,69.25,17.25,
145,69.25,17.75,
146,69.25,18.25,
147,69.25,18.75,
148,69.25,19.25,
149,69.25,19.75,
150,69.25,20.25,
151,69.25,20.75,
152,69.25,21.25,
153,69.25,21.75,5.0
154,69.25,22.25,4.0
155,69.25,22.75,3.0
156,69.25,23.25,2.0
157,69.25,23.75,1.0
158,69.25,24.25,1.0
159,69.25,24.75,3.0
160,69.25,25.25,3.0
161,69.25,25.75,4.0
162,69.25,26.25,1.0
163,69.25,26.75,0.0
164,69.25,27.25,0.0
165,69.25,27.75,3.0
166,69.25,28.25,4.0
167,69.25,28.75,0.0
168,69.25,29.25,0.0
169,69.25,29.75,0.0
170,69.25,30.25,0.0
171,69.25,30.75,0.0
172,69.25,31.25,0.0
173,69.25,31.75,0.0
174,69.25,32.25,1.0
175,69.25,32.75,2.0
176,69.25,33.25,2.0
177,69.25,33.75,0.0
178,69.25,34.25,0.0
179,69.25,34.75,0.0
180,69.25,35.25,1.0
181,69.25,35.75,1.0
182,69.25,36.25,0.0
183,69.75,6.25,
184,69.75,6.75,
185,69.75,7.25,
186,69.75,7.75,
187,69.75,8.25,
188,69.75,8.75,
189,69.75,9.25,
190,69.75,9.75,
191,69.75,10.25,
192,69.75,10.75,
193,69.75,11.25,
194,69.75,11.75,
195,69.75,12.25,
196,69.75,12.75,
197,69.75,13.25,
198,69.75,13.75,
199,69.75,14.25,
200,69.75,14.75,
201,69.75,15.25,
202,69.75,15.75,
203,69.75,16.25,
204,69.75,16.75,
205,69.75,17.25,
206,69.75,17.75,
207,69.75,18.25,
208,69.75,18.75,
209,69.75,19.25,
210,69.75,19.75,
211,69.75,20.25,
212,69.75,20.75,
213,69.75,21.25,7.0
214,69.75,21.75,5.0
215,69.75,22.25,6.0
216,69.75,22.75,3.0
217,69.75,23.25,1.0
218,69.75,23.75,1.0
219,69.75,24.25,0.0
220,69.75,24.75,0.0
221,69.75,25.25,1.0
222,69.75,25.75,0.0
223,69.75,26.25,0.0
224,69.75,26.75,0.0
225,69.75,27.25,0.0
226,69.75,27.75,1.0
227,69.75,28.25,4.0
228,69.75,28.75,0.0
229,69.75,29.25,0.0
230,69.75,29.75,0.0
231,69.75,30.25,0.0
232,69.75,30.75,0.0
233,69.75,31.25,0.0
234,69.75,31.75,1.0
235,69.75,32.25,1.0
236,69.75,32.75,8.0
237,69.75,33.25,3.0
238,69.75,33.75,4.0
239,69.75,34.25,1.0
240,69.75,34.75,1.0
241,69.75,35.25,1.0
242,69.75,35.75,1.0
243,69.75,36.25,1.0
244,70.25,6.25,
245,70.25,6.75,
246,70.25,7.25,
247,70.25,7.75,
248,70.25,8.25,
249,70.25,8.75,
250,70.25,9.25,
251,70.25,9.75,
252,70.25,10.25,
253,70.25,10.75,
254,70.25,11.25,
255,70.25,11.75,
256,70.25,12.25,
257,70.25,12.75,
258,70.25,13.25,
259,70.25,13.75,
260,70.25,14.25,
261,70.25,14.75,
262,70.25,15.25,
263,70.25,15.75,
264,70.25,16.25,
265,70.25,16.75,
266,70.25,17.25,
267,70.25,17.75,
268,70.25,18.25,
269,70.25,18.75,
270,70.25,19.25,
271,70.25,19.75,
272,70.25,20.25,
273,70.25,20.75,7.0
274,70.25,21.25,7.0
275,70.25,21.75,7.0
276,70.25,22.25,7.0
277,70.25,22.75,6.0
278,70.25,23.25,1.0
279,70.25,23.75,1.0
280,70.25,24.25,1.0
281,70.25,24.75,0.0
282,70.25,25.25,0.0
283,70.25,25.75,0.0
284,70.25,26.25,0.0
285,70.25,26.75,0.0
286,70.25,27.25,0.0
287,70.25,27.75,0.0
288,70.25,28.25,3.0
289,70.25,28.75,4.0
290,70.25,29.25,2.0
291,70.25,29.75,1.0
292,70.25,30.25,0.0
293,70.25,30.75,0.0
294,70.25,31.25,1.0
295,70.25,31.75,0.0
296,70.25,32.25,0.0
297,70.25,32.75,1.0
298,70.25,33.25,0.0
299,70.25,33.75,7.0
300,70.25,34.25,2.0
301,70.25,34.75,4.0
302,70.25,35.25,4.0
303,70.25,35.75,1.0
304,70.25,36.25,1.0
305,70.75,6.25,
306,70.75,6.75,
307,70.75,7.25,
308,70.75,7.75,
309,70.75,8.25,
310,70.75,8.75,
311,70.75,9.25,
312,70.75,9.75,
313,70.75,10.25,
314,70.75,10.75,
315,70.75,11.25,
316,70.75,11.75,
317,70.75,12.25,
318,70.75,12.75,
319,70.75,13.25,
320,70.75,13.75,
321,70.75,14.25,
322,70.75,14.75,
323,70.75,15.25,
324,70.75,15.75,
325,70.75,16.25,
326,70.75,16.75,
327,70.75,17.25,
328,70.75,17.75,
329,70.75,18.25,
330,70.75,18.75,
331,70.75,19.25,
332,70.75,19.75,
333,70.75,20.25,
334,70.75,20.75,6.0
335,70.75,21.25,6.0
336,70.75,21.75,8.0
337,70.75,22.25,8.0
338,70.75,22.75,6.0
339,70.75,23.25,1.0
340,70.75,23.75,1.0
341,70.75,24.25,1.0
342,70.75,24.75,1.0
343,70.75,25.25,0.0
344,70.75,25.75,0.0
345,70.75,26.25,0.0
346,70.75,26.75,0.0
347,70.75,27.25,0.0
348,70.75,27.75,0.0
349,70.75,28.25,0.0
350,70.75,28.75,4.0
351,70.75,29.25,4.0
352,70.75,29.75,5.0
353,70.75,30.25,4.0
354,70.75,30.75,2.0
355,70.75,31.25,2.0
356,70.75,31.75,1.0
357,70.75,32.25,0.0
358,70.75,32.75,1.0
359,70.75,33.25,2.0
360,70.75,33.75,13.0
361,70.75,34.25,1.0
362,70.75,34.75,11.0
363,70.75,35.25,9.0
364,70.75,35.75,1.0
365,70.75,36.25,1.0
366,71.25,6.25,
367,71.25,6.75,
368,71.25,7.25,
369,71.25,7.75,
370,71.25,8.25,
371,71.25,8.75,
372,71.25,9.25,
373,71.25,9.75,
374,71.25,10.25,
375,71.25,10.75,
376,71.25,11.25,
377,71.25,11.75,
378,71.25,12.25,
379,71.25,12.75,
380,71.25,13.25,
381,71.25,13.75,
382,71.25,14.25,
383,71.25,14.75,
384,71.25,15.25,
385,71.25,15.75,
386,71.25,16.25,
387,71.25,16.75,
388,71.25,17.25,
389,71.25,17.75,
390,71.25,18.25,
391,71.25,18.75,
392,71.25,19.25,
393,71.25,19.75,
394,71.25,20.25,
395,71.25,20.75,6.0
396,71.25,21.25,5.0
397,71.25,21.75,8.0
398,71.25,22.25,7.0
399,71.25,22.75,3.0
400,71.25,23.25,1.0
401,71.25,23.75,1.0
402,71.25,24.25,1.0
403,71.25,24.75,0.0
404,71.25,25.25,0.0
405,71.25,25.75,0.0
406,71.25,26.25,0.0
407,71.25,26.75,0.0
408,71.25,27.25,0.0
409,71.25,27.75,0.0
410,71.25,28.25,0.0
411,71.25,28.75,0.0
412,71.25,29.25,3.0
413,71.25,29.75,4.0
414,71.25,30.25,3.0
415,71.25,30.75,2.0
416,71.25,31.25,2.0
417,71.25,31.75,2.0
418,71.25,32.25,3.0
419,71.25,32.75,2.0
420,71.25,33.25,3.0
421,71.25,33.75,7.0
422,71.25,34.25,1.0
423,71.25,34.75,6.0
424,71.25,35.25,17.0
425,71.25,35.75,2.0
426,71.25,36.25,1.0
427,71.75,6.25,
428,71.75,6.75,
429,71.75,7.25,
430,71.75,7.75,
431,71.75,8.25,
432,71.75,8.75,
433,71.75,9.25,
434,71.75,9.75,
435,71.75,10.25,
436,71.75,10.75,
437,71.75,11.25,
438,71.75,11.75,
439,71.75,12.25,
440,71.75,12.75,
441,71.75,13.25,
442,71.75,13.75,
443,71.75,14.25,
444,71.75,14.75,
445,71.75,15.25,
446,71.75,15.75,
447,71.75,16.25,
448,71.75,16.75,
449,71.75,17.25,
450,71.75,17.75,
451,71.75,18.25,
452,71.75,18.75,
453,71.75,19.25,
454,71.75,19.75,
455,71.75,20.25,
456,71.75,20.75,
457,71.75,21.25,7.0
458,71.75,21.75,5.0
459,71.75,22.25,4.0
460,71.75,22.75,3.0
461,71.75,23.25,1.0
462,71.75,23.75,2.0
463,71.75,24.25,2.0
464,71.75,24.75,1.0
465,71.75,25.25,0.0
466,71.75,25.75,0.0
467,71.75,26.25,0.0
468,71.75,26.75,0.0
469,71.75,27.25,0.0
470,71.75,27.75,0.0
471,71.75,28.25,0.0
472,71.75,28.75,0.0
473,71.75,29.25,2.0
474,71.75,29.75,4.0
475,71.75,30.25,4.0
476,71.75,30.75,2.0
477,71.75,31.25,0.0
478,71.75,31.75,0.0
479,71.75,32.25,3.0
480,71.75,32.75,2.0
481,71.75,33.25,1.0
482,71.75,33.75,5.0
483,71.75,34.25,8.0
484,71.75,34.75,8.0
485,71.75,35.25,16.0
486,71.75,35.75,7.0
487,71.75,36.25,3.0
488,72.25,6.25,
489,72.25,6.75,
490,72.25,7.25,
491,72.25,7.75,
492,72.25,8.25,
493,72.25,8.75,
494,72.25,9.25,
495,72.25,9.75,
496,72.25,10.25,
497,72.25,10.75,
498,72.25,11.25,
499,72.25,11.75,
500,72.25,12.25,
501,72.25,12.75,
502,72.25,13.25,
503,72.25,13.75,
504,72.25,14.25,
505,72.25,14.75,
506,72.25,15.25,
507,72.25,15.75,
508,72.25,16.25,
509,72.25,16.75,
510,72.25,17.25,
511,72.25,17.75,
512,72.25,18.25,
513,72.25,18.75,
514,72.25,19.25,
515,72.25,19.75,
516,72.25,20.25,
517,72.25,20.75,
518,72.25,21.25,8.0
519,72.25,21.75,4.0
520,72.25,22.25,1.0
521,72.25,22.75,2.0
522,72.25,23.25,2.0
523,72.25,23.75,2.0
524,72.25,24.25,2.0
525,72.25,24.75,2.0
526,72.25,25.25,1.0
527,72.25,25.75,1.0
528,72.25,26.25,0.0
529,72.25,26.75,0.0
530,72.25,27.25,0.0
531,72.25,27.75,0.0
532,72.25,28.25,0.0
533,72.25,28.75,0.0
534,72.25,29.25,0.0
535,72.25,29.75,3.0
536,72.25,30.25,4.0
537,72.25,30.75,4.0
538,72.25,31.25,3.0
539,72.25,31.75,2.0
540,72.25,32.25,4.0
541,72.25,32.75,3.0
542,72.25,33.25,2.0
543,72.25,33.75,6.0
544,72.25,34.25,7.0
545,72.25,34.75,11.0
546,72.25,35.25,20.0
547,72.25,35.75,5.0
548,72.25,36.25,3.0
549,72.75,6.25,
550,72.75,6.75,
551,72.75,7.25,
552,72.75,7.75,
553,72.75,8.25,
554,72.75,8.75,
555,72.75,9.25,
556,72.75,9.75,
557,72.75,10.25,
558,72.75,10.75,
559,72.75,11.25,
560,72.75,11.75,
561,72.75,12.25,
562,72.75,12.75,
563,72.75,13.25,
564,72.75,13.75,
565,72.75,14.25,
566,72.75,14.75,
567,72.75,15.25,
568,72.75,15.75,
569,72.75,16.25,
570,72.75,16.75,
571,72.75,17.25,
572,72.75,17.75,
573,72.75,18.25,16.0
574,72.75,18.75,12.0
575,72.75,19.25,11.0
576,72.75,19.75,10.0
577,72.75,20.25,10.0
578,72.75,20.75,12.0
579,72.75,21.25,10.0
580,72.75,21.75,6.0
581,72.75,22.25,4.0
582,72.75,22.75,3.0
583,72.75,23.25,3.0
584,72.75,23.75,2.0
585,72.75,24.25,3.0
586,72.75,24.75,3.0
587,72.75,25.25,2.0
588,72.75,25.75,1.0
589,72.75,26.25,1.0
590,72.75,26.75,0.0
591,72.75,27.25,0.0
592,72.75,27.75,0.0
593,72.75,28.25,0.0
594,72.75,28.75,1.0
595,72.75,29.25,1.0
596,72.75,29.75,3.0
597,72.75,30.25,3.0
598,72.75,30.75,4.0
599,72.75,31.25,3.0
600,72.75,31.75,4.0
601,72.75,32.25,5.0
602,72.75,32.75,4.0
603,72.75,33.25,5.0
604,72.75,33.75,6.0
605,72.75,34.25,11.0
606,72.75,34.75,20.0
607,72.75,35.25,19.0
608,72.75,35.75,4.0
609,72.75,36.25,2.0
610,73.25,6.25,
611,73.25,6.75,
612,73.25,7.25,
613,73.25,7.75,
614,73.25,8.25,
615,73.25,8.75,
616,73.25,9.25,
617,73.25,9.75,
618,73.25,10.25,
619,73.25,10.75,
620,73.25,11.25,
621,73.25,11.75,
622,73.25,12.25,
623,73.25,12.75,
624,73.25,13.25,
625,73.25,13.75,
626,73.25,14.25,
627,73.25,14.75,
628,73.25,15.25,
629,73.25,15.75,
630,73.25,16.25,12.0
631,73.25,16.75,9.0
632,73.25,17.25,8.0
633,73.25,17.75,9.0
634,73.25,18.25,8.0
635,73.25,18.75,9.0
636,73.25,19.25,9.0
637,73.25,19.75,7.0
638,73.25,20.25,8.0
639,73.25,20.75,13.0
640,73.25,21.25,10.0
641,73.25,21.75,7.0
642,73.25,22.25,5.0
643,73.25,22.75,4.0
644,73.25,23.25,4.0
645,73.25,23.75,3.0
646,73.25,24.25,3.0
647,73.25,24.75,3.0
648,73.25,25.25,2.0
649,73.25,25.75,1.0
650,73.25,26.25,1.0
651,73.25,26.75,1.0
652,73.25,27.25,0.0
653,73.25,27.75,0.0
654,73.25,28.25,0.0
655,73.25,28.75,0.0
656,73.25,29.25,2.0
657,73.25,29.75,3.0
658,73.25,30.25,3.0
659,73.25,30.75,3.0
660,73.25,31.25,4.0
661,73.25,31.75,4.0
662,73.25,32.25,6.0
663,73.25,32.75,7.0
664,73.25,33.25,7.0
665,73.25,33.75,14.0
666,73.25,34.25,14.0
667,73.25,34.75,21.0
668,73.25,35.25,19.0
669,73.25,35.75,5.0
670,73.25,36.25,2.0
671,73.75,6.25,
672,73.75,6.75,
673,73.75,7.25,
674,73.75,7.75,
675,73.75,8.25,
676,73.75,8.75,
677,73.75,9.25,
678,73.75,9.75,
679,73.75,10.25,
680,73.75,10.75,
681,73.75,11.25,
682,73.75,11.75,
683,73.75,12.25,
684,73.75,12.75,
685,73.75,13.25,
686,73.75,13.75,
687,73.75,14.25,
688,73.75,14.75,
689,73.75,15.25,17.0
690,73.75,15.75,19.0
691,73.75,16.25,13.0
692,73.75,16.75,10.0
693,73.75,17.25,11.0
694,73.75,17.75,12.0
695,73.75,18.25,8.0
696,73.75,18.75,9.0
697,73.75,19.25,8.0
698,73.75,19.75,8.0
699,73.75,20.25,7.0
700,73.75,20.75,9.0
701,73.75,21.25,8.0
702,73.75,21.75,7.0
703,73.75,22.25,5.0
704,73.75,22.75,2.0
705,73.75,23.25,2.0
706,73.75,23.75,2.0
707,73.75,24.25,3.0
708,73.75,24.75,3.0
709,73.75,25.25,3.0
710,73.75,25.75,2.0
711,73.75,26.25,1.0
712,73.75,26.75,2.0
713,73.75,27.25,1.0
714,73.75,27.75,0.0
715,73.75,28.25,0.0
716,73.75,28.75,0.0
717,73.75,29.25,1.0
718,73.75,29.75,2.0
719,73.75,30.25,3.0
720,73.75,30.75,4.0
721,73.75,31.25,5.0
722,73.75,31.75,5.0
723,73.75,32.25,7.0
724,73.75,32.75,7.0
725,73.75,33.25,11.0
726,73.75,33.75,19.0
727,73.75,34.25,28.0
728,73.75,34.75,18.0
729,73.75,35.25,8.0
730,73.75,35.75,7.0
731,73.75,36.25,3.0
732,74.25,6.25,
733,74.25,6.75,
734,74.25,7.25,
735,74.25,7.75,
736,74.25,8.25,
737,74.25,8.75,
738,74.25,9.25,
739,74.25,9.75,
740,74.25,10.25,
741,74.25,10.75,
742,74.25,11.25,
743,74.25,11.75,
744,74.25,12.25,
745,74.25,12.75,
746,74.25,13.25,
747,74.25,13.75,
748,74.25,14.25,18.0
749,74.25,14.75,43.0
750,74.25,15.25,32.0
751,74.25,15.75,18.0
752,74.25,16.25,10.0
753,74.25,16.75,11.0
754,74.25,17.25,9.0
755,74.25,17.75,9.0
756,74.25,18.25,9.0
757,74.25,18.75,11.0
758,74.25,19.25,9.0
759,74.25,19.75,11.0
760,74.25,20.25,11.0
761,74.25,20.75,8.0
762,74.25,21.25,8.0
763,74.25,21.75,8.0
764,74.25,22.25,4.0
765,74.25,22.75,4.0
766,74.25,23.25,5.0
767,74.25,23.75,4.0
768,74.25,24.25,3.0
769,74.25,24.75,3.0
770,74.25,25.25,2.0
771,74.25,25.75,3.0
772,74.25,26.25,2.0
773,74.25,26.75,1.0
774,74.25,27.25,1.0
775,74.25,27.75,0.0
776,74.25,28.25,0.0
777,74.25,28.75,0.0
778,74.25,29.25,1.0
779,74.25,29.75,2.0
780,74.25,30.25,4.0
781,74.25,30.75,6.0
782,74.25,31.25,4.0
783,74.25,31.75,6.0
784,74.25,32.25,8.0
785,74.25,32.75,7.0
786,74.25,33.25,16.0
787,74.25,33.75,21.0
788,74.25,34.25,23.0
789,74.25,34.75,24.0
790,74.25,35.25,5.0
791,74.25,35.75,7.0
792,74.25,36.25,3.0
793,74.75,6.25,
794,74.75,6.75,
795,74.75,7.25,
796,74.75,7.75,
797,74.75,8.25,
798,74.75,8.75,
799,74.75,9.25,
800,74.75,9.75,
801,74.75,10.25,
802,74.75,10.75,
803,74.75,11.25,
804,74.75,11.75,
805,74.75,12.25,
806,74.75,12.75,16.0
807,74.75,13.25,14.0
808,74.75,13.75,30.0
809,74.75,14.25,30.0
810,74.75,14.75,30.0
811,74.75,15.25,20.0
812,74.75,15.75,6.0
813,74.75,16.25,7.0
814,74.75,16.75,13.0
815,74.75,17.25,7.0
816,74.75,17.75,7.0
817,74.75,18.25,10.0
818,74.75,18.75,9.0
819,74.75,19.25,10.0
820,74.75,19.75,11.0
821,74.75,20.25,8.0
822,74.75,20.75,7.0
823,74.75,21.25,7.0
824,74.75,21.75,8.0
825,74.75,22.25,6.0
826,74.75,22.75,7.0
827,74.75,23.25,8.0
828,74.75,23.75,7.0
829,74.75,24.25,6.0
830,74.75,24.75,3.0
831,74.75,25.25,2.0
832,74.75,25.75,2.0
833,74.75,26.25,2.0
834,74.75,26.75,2.0
835,74.75,27.25,1.0
836,74.75,27.75,1.0
837,74.75,28.25,0.0
838,74.75,28.75,0.0
839,74.75,29.25,1.0
840,74.75,29.75,3.0
841,74.75,30.25,5.0
842,74.75,30.75,8.0
843,74.75,31.25,10.0
844,74.75,31.75,9.0
845,74.75,32.25,5.0
846,74.75,32.75,10.0
847,74.75,33.25,21.0
848,74.75,33.75,14.0
849,74.75,34.25,16.0
850,74.75,34.75,15.0
851,74.75,35.25,4.0
852,74.75,35.75,4.0
853,74.75,36.25,2.0
854,75.25,6.25,
855,75.25,6.75,
856,75.25,7.25,
857,75.25,7.75,
858,75.25,8.25,
859,75.25,8.75,
860,75.25,9.25,
861,75.25,9.75,
862,75.25,10.25,
863,75.25,10.75,
864,75.25,11.25,
865,75.25,11.75,37.0
866,75.25,12.25,37.0
867,75.25,12.75,24.0
868,75.25,13.25,34.0
869,75.25,13.75,22.0
870,75.25,14.25,9.0
871,75.25,14.75,5.0
872,75.25,15.25,6.0
873,75.25,15.75,7.0
874,75.25,16.25,7.0
875,75.25,16.75,8.0
876,75.25,17.25,7.0
877,75.25,17.75,11.0
878,75.25,18.25,12.0
879,75.25,18.75,9.0
880,75.25,19.25,11.0
881,75.25,19.75,10.0
882,75.25,20.25,9.0
883,75.25,20.75,9.0
884,75.25,21.25,8.0
885,75.25,21.75,7.0
886,75.25,22.25,8.0
887,75.25,22.75,8.0
888,75.25,23.25,6.0
889,75.25,23.75,6.0
890,75.25,24.25,7.0
891,75.25,24.75,3.0
892,75.25,25.25,2.0
893,75.25,25.75,2.0
894,75.25,26.25,2.0
895,75.25,26.75,1.0
896,75.25,27.25,2.0
897,75.25,27.75,2.0
898,75.25,28.25,1.0
899,75.25,28.75,0.0
900,75.25,29.25,1.0
901,75.25,29.75,3.0
902,75.25,30.25,7.0
903,75.25,30.75,12.0
904,75.25,31.25,11.0
905,75.25,31.75,12.0
906,75.25,32.25,9.0
907,75.25,32.75,18.0
908,75.25,33.25,23.0
909,75.25,33.75,19.0
910,75.25,34.25,13.0
911,75.25,34.75,5.0
912,75.25,35.25,2.0
913,75.25,35.75,2.0
914,75.25,36.25,2.0
915,75.75,6.25,
916,75.75,6.75,
917,75.75,7.25,
918,75.75,7.75,
919,75.75,8.25,
920,75.75,8.75,
921,75.75,9.25,
922,75.75,9.75,
923,75.75,10.25,
924,75.75,10.75,42.0
925,75.75,11.25,43.0
926,75.75,11.75,45.0
927,75.75,12.25,40.0
928,75.75,12.75,36.0
929,75.75,13.25,22.0
930,75.75,13.75,13.0
931,75.75,14.25,4.0
932,75.75,14.75,3.0
933,75.75,15.25,5.0
934,75.75,15.75,7.0
935,75.75,16.25,8.0
936,75.75,16.75,6.0
937,75.75,17.25,8.0
938,75.75,17.75,9.0
939,75.75,18.25,11.0
940,75.75,18.75,11.0
941,75.75,19.25,13.0
942,75.75,19.75,11.0
943,75.75,20.25,9.0
944,75.75,20.75,9.0
945,75.75,21.25,9.0
946,75.75,21.75,6.0
947,75.75,22.25,7.0
948,75.75,22.75,7.0
949,75.75,23.25,6.0
950,75.75,23.75,7.0
951,75.75,24.25,8.0
952,75.75,24.75,4.0
953,75.75,25.25,4.0
954,75.75,25.75,3.0
955,75.75,26.25,2.0
956,75.75,26.75,2.0
957,75.75,27.25,3.0
958,75.75,27.75,3.0
959,75.75,28.25,2.0
960,75.75,28.75,1.0
961,75.75,29.25,2.0
962,75.75,29.75,6.0
963,75.75,30.25,11.0
964,75.75,30.75,12.0
965,75.75,31.25,9.0
966,75.75,31.75,14.0
967,75.75,32.25,15.0
968,75.75,32.75,32.0
969,75.75,33.25,31.0
970,75.75,33.75,14.0
971,75.75,34.25,3.0
972,75.75,34.75,1.0
973,75.75,35.25,2.0
974,75.75,35.75,1.0
975,75.75,36.25,1.0
976,76.25,6.25,
977,76.25,6.75,
978,76.25,7.25,
979,76.25,7.75,
980,76.25,8.25,
981,76.25,8.75,
982,76.25,9.25,30.0
983,76.25,9.75,31.0
984,76.25,10.25,30.0
985,76.25,10.75,33.0
986,76.25,11.25,51.0
987,76.25,11.75,31.0
988,76.25,12.25,12.0
989,76.25,12.75,4.0
990,76.25,13.25,3.0
991,76.25,13.75,3.0
992,76.25,14.25,3.0
993,76.25,14.75,3.0
994,76.25,15.25,4.0
995,76.25,15.75,4.0
996,76.25,16.25,6.0
997,76.25,16.75,7.0
998,76.25,17.25,9.0
999,76.25,17.75,10.0
1000,76.25,18.25,12.0
1001,76.25,18.75,12.0
1002,76.25,19.25,14.0
1003,76.25,19.75,11.0
1004,76.25,20.25,11.0
1005,76.25,20.75,9.0
1006,76.25,21.25,8.0
1007,76.25,21.75,8.0
1008,76.25,22.25,7.0
1009,76.25,22.75,6.0
1010,76.25,23.25,7.0
1011,76.25,23.75,7.0
1012,76.25,24.25,7.0
1013,76.25,24.75,5.0
1014,76.25,25.25,5.0
1015,76.25,25.75,4.0
1016,76.25,26.25,2.0
1017,76.25,26.75,3.0
1018,76.25,27.25,5.0
1019,76.25,27.75,4.0
1020,76.25,28.25,3.0
1021,76.25,28.75,2.0
1022,76.25,29.25,3.0
1023,76.25,29.75,7.0
1024,76.25,30.25,13.0
1025,76.25,30.75,15.0
1026,76.25,31.25,12.0
1027,76.25,31.75,19.0
1028,76.25,32.25,24.0
1029,76.25,32.75,27.0
1030,76.25,33.25,13.0
1031,76.25,33.75,2.0
1032,76.25,34.25,2.0
1033,76.25,34.75,1.0
1034,76.25,35.25,1.0
1035,76.25,35.75,1.0
1036,76.25,36.25,1.0
1037,76.75,6.25,
1038,76.75,6.75,
1039,76.75,7.25,
1040,76.75,7.75,
1041,76.75,8.25,42.0
1042,76.75,8.75,31.0
1043,76.75,9.25,34.0
1044,76.75,9.75,43.0
1045,76.75,10.25,50.0
1046,76.75,10.75,23.0
1047,76.75,11.25,32.0
1048,76.75,11.75,13.0
1049,76.75,12.25,5.0
1050,76.75,12.75,4.0
1051,76.75,13.25,3.0
1052,76.75,13.75,3.0
1053,76.75,14.25,2.0
1054,76.75,14.75,2.0
1055,76.75,15.25,5.0
1056,76.75,15.75,4.0
1057,76.75,16.25,4.0
1058,76.75,16.75,6.0
1059,76.75,17.25,8.0
1060,76.75,17.75,9.0
1061,76.75,18.25,14.0
1062,76.75,18.75,12.0
1063,76.75,19.25,15.0
1064,76.75,19.75,11.0
1065,76.75,20.25,10.0
1066,76.75,20.75,10.0
1067,76.75,21.25,7.0
1068,76.75,21.75,6.0
1069,76.75,22.25,6.0
1070,76.75,22.75,7.0
1071,76.75,23.25,7.0
1072,76.75,23.75,7.0
1073,76.75,24.25,9.0
1074,76.75,24.75,6.0
1075,76.75,25.25,3.0
1076,76.75,25.75,4.0
1077,76.75,26.25,3.0
1078,76.75,26.75,3.0
1079,76.75,27.25,4.0
1080,76.75,27.75,4.0
1081,76.75,28.25,3.0
1082,76.75,28.75,3.0
1083,76.75,29.25,5.0
1084,76.75,29.75,11.0
1085,76.75,30.25,10.0
1086,76.75,30.75,11.0
1087,76.75,31.25,20.0
1088,76.75,31.75,24.0
1089,76.75,32.25,19.0
1090,76.75,32.75,5.0
1091,76.75,33.25,2.0
1092,76.75,33.75,2.0
1093,76.75,34.25,1.0
1094,76.75,34.75,1.0
1095,76.75,35.25,1.0
1096,76.75,35.75,1.0
1097,76.75,36.25,2.0
1098,77.25,6.25,
1099,77.25,6.75,
1100,77.25,7.25,
1101,77.25,7.75,
1102,77.25,8.25,38.0
1103,77.25,8.75,43.0
1104,77.25,9.25,47.0
1105,77.25,9.75,35.0
1106,77.25,10.25,36.0
1107,77.25,10.75,5.0
1108,77.25,11.25,5.0
1109,77.25,11.75,25.0
1110,77.25,12.25,8.0
1111,77.25,12.75,5.0
1112,77.25,13.25,3.0
1113,77.25,13.75,3.0
1114,77.25,14.25,2.0
1115,77.25,14.75,3.0
1116,77.25,15.25,5.0
1117,77.25,15.75,4.0
1118,77.25,16.25,5.0
1119,77.25,16.75,4.0
1120,77.25,17.25,9.0
1121,77.25,17.75,11.0
1122,77.25,18.25,12.0
1123,77.25,18.75,11.0
1124,77.25,19.25,16.0
1125,77.25,19.75,10.0
1126,77.25,20.25,9.0
1127,77.25,20.75,10.0
1128,77.25,21.25,11.0
1129,77.25,21.75,7.0
1130,77.25,22.25,6.0
1131,77.25,22.75,7.0
1132,77.25,23.25,8.0
1133,77.25,23.75,7.0
1134,77.25,24.25,8.0
1135,77.25,24.75,7.0
1136,77.25,25.25,4.0
1137,77.25,25.75,4.0
1138,77.25,26.25,4.0
1139,77.25,26.75,3.0
1140,77.25,27.25,4.0
1141,77.25,27.75,4.0
1142,77.25,28.25,4.0
1143,77.25,28.75,5.0
1144,77.25,29.25,8.0
1145,77.25,29.75,13.0
1146,77.25,30.25,13.0
1147,77.25,30.75,25.0
1148,77.25,31.25,25.0
1149,77.25,31.75,37.0
1150,77.25,32.25,15.0
1151,77.25,32.75,2.0
1152,77.25,33.25,2.0
1153,77.25,33.75,2.0
1154,77.25,34.25,1.0
1155,77.25,34.75,1.0
1156,77.25,35.25,1.0
1157,77.25,35.75,1.0
1158,77.25,36.25,1.0
1159,77.75,6.25,
1160,77.75,6.75,
1161,77.75,7.25,
1162,77.75,7.75,
1163,77.75,8.25,5.0
1164,77.75,8.75,4.0
1165,77.75,9.25,4.0
1166,77.75,9.75,8.0
1167,77.75,10.25,19.0
1168,77.75,10.75,3.0
1169,77.75,11.25,6.0
1170,77.75,11.75,15.0
1171,77.75,12.25,17.0
1172,77.75,12.75,4.0
1173,77.75,13.25,3.0
1174,77.75,13.75,3.0
1175,77.75,14.25,2.0
1176,77.75,14.75,3.0
1177,77.75,15.25,3.0
1178,77.75,15.75,4.0
1179,77.75,16.25,3.0
1180,77.75,16.75,3.0
1181,77.75,17.25,8.0
1182,77.75,17.75,11.0
1183,77.75,18.25,9.0
1184,77.75,18.75,12.0
1185,77.75,19.25,11.0
1186,77.75,19.75,9.0
1187,77.75,20.25,9.0
1188,77.75,20.75,10.0
1189,77.75,21.25,10.0
1190,77.75,21.75,8.0
1191,77.75,22.25,6.0
1192,77.75,22.75,8.0
1193,77.75,23.25,7.0
1194,77.75,23.75,8.0
1195,77.75,24.25,9.0
1196,77.75,24.75,8.0
1197,77.75,25.25,5.0
1198,77.75,25.75,4.0
1199,77.75,26.25,3.0
1200,77.75,26.75,4.0
1201,77.75,27.25,4.0
1202,77.75,27.75,3.0
1203,77.75,28.25,4.0
1204,77.75,28.75,7.0
1205,77.75,29.25,10.0
1206,77.75,29.75,12.0
1207,77.75,30.25,20.0
1208,77.75,30.75,25.0
1209,77.75,31.25,33.0
1210,77.75,31.75,16.0
1211,77.75,32.25,2.0
1212,77.75,32.75,2.0
1213,77.75,33.25,1.0
1214,77.75,33.75,1.0
1215,77.75,34.25,1.0
1216,77.75,34.75,1.0
1217,77.75,35.25,1.0
1218,77.75,35.75,1.0
1219,77.75,36.25,1.0
1220,78.25,6.25,
1221,78.25,6.75,
1222,78.25,7.25,
1223,78.25,7.75,
1224,78.25,8.25,3.0
1225,78.25,8.75,4.0
1226,78.25,9.25,4.0
1227,78.25,9.75,5.0
1228,78.25,10.25,11.0
1229,78.25,10.75,5.0
1230,78.25,11.25,12.0
1231,78.25,11.75,18.0
1232,78.25,12.25,7.0
1233,78.25,12.75,5.0
1234,78.25,13.25,3.0
1235,78.25,13.75,3.0
1236,78.25,14.25,4.0
1237,78.25,14.75,6.0
1238,78.25,15.25,5.0
1239,78.25,15.75,6.0
1240,78.25,16.25,3.0
1241,78.25,16.75,2.0
1242,78.25,17.25,6.0
1243,78.25,17.75,5.0
1244,78.25,18.25,6.0
1245,78.25,18.75,5.0
1246,78.25,19.25,8.0
1247,78.25,19.75,9.0
1248,78.25,20.25,9.0
1249,78.25,20.75,10.0
1250,78.25,21.25,9.0
1251,78.25,21.75,8.0
1252,78.25,22.25,14.0
1253,78.25,22.75,12.0
1254,78.25,23.25,10.0
1255,78.25,23.75,10.0
1256,78.25,24.25,9.0
1257,78.25,24.75,5.0
1258,78.25,25.25,3.0
1259,78.25,25.75,4.0
1260,78.25,26.25,4.0
1261,78.25,26.75,4.0
1262,78.25,27.25,3.0
1263,78.25,27.75,3.0
1264,78.25,28.25,5.0
1265,78.25,28.75,7.0
1266,78.25,29.25,8.0
1267,78.25,29.75,17.0
1268,78.25,30.25,29.0
1269,78.25,30.75,34.0
1270,78.25,31.25,19.0
1271,78.25,31.75,6.0
1272,78.25,32.25,2.0
1273,78.25,32.75,1.0
1274,78.25,33.25,1.0
1275,78.25,33.75,1.0
1276,78.25,34.25,1.0
1277,78.25,34.75,2.0
1278,78.25,35.25,0.0
1279,78.25,35.75,0.0
1280,78.25,36.25,1.0
1281,78.75,6.25,
1282,78.75,6.75,
1283,78.75,7.25,
1284,78.75,7.75,
1285,78.75,8.25,
1286,78.75,8.75,
1287,78.75,9.25,3.0
1288,78.75,9.75,4.0
1289,78.75,10.25,4.0
1290,78.75,10.75,6.0
1291,78.75,11.25,13.0
1292,78.75,11.75,18.0
1293,78.75,12.25,16.0
1294,78.75,12.75,16.0
1295,78.75,13.25,9.0
1296,78.75,13.75,3.0
1297,78.75,14.25,9.0
1298,78.75,14.75,10.0
1299,78.75,15.25,15.0
1300,78.75,15.75,19.0
1301,78.75,16.25,13.0
1302,78.75,16.75,2.0
1303,78.75,17.25,4.0
1304,78.75,17.75,3.0
1305,78.75,18.25,4.0
1306,78.75,18.75,6.0
1307,78.75,19.25,10.0
1308,78.75,19.75,8.0
1309,78.75,20.25,9.0
1310,78.75,20.75,8.0
1311,78.75,21.25,8.0
1312,78.75,21.75,8.0
1313,78.75,22.25,8.0
1314,78.75,22.75,10.0
1315,78.75,23.25,9.0
1316,78.75,23.75,8.0
1317,78.75,24.25,9.0
1318,78.75,24.75,5.0
1319,78.75,25.25,5.0
1320,78.75,25.75,6.0
1321,78.75,26.25,4.0
1322,78.75,26.75,5.0
1323,78.75,27.25,3.0
1324,78.75,27.75,4.0
1325,78.75,28.25,3.0
1326,78.75,28.75,5.0
1327,78.75,29.25,11.0
1328,78.75,29.75,30.0
1329,78.75,30.25,27.0
1330,78.75,30.75,30.0
1331,78.75,31.25,4.0
1332,78.75,31.75,2.0
1333,78.75,32.25,1.0
1334,78.75,32.75,1.0
1335,78.75,33.25,1.0
1336,78.75,33.75,1.0
1337,78.75,34.25,2.0
1338,78.75,34.75,1.0
1339,78.75,35.25,1.0
1340,78.75,35.75,1.0
1341,78.75,36.25,1.0
1342,79.25,6.25,
1343,79.25,6.75,
1344,79.25,7.25,
1345,79.25,7.75,
1346,79.25,8.25,
1347,79.25,8.75,
1348,79.25,9.25,4.0
1349,79.25,9.75,4.0
1350,79.25,10.25,6.0
1351,79.25,10.75,11.0
1352,79.25,11.25,8.0
1353,79.25,11.75,5.0
1354,79.25,12.25,5.0
1355,79.25,12.75,10.0
1356,79.25,13.25,7.0
1357,79.25,13.75,17.0
1358,79.25,14.25,13.0
1359,79.25,14.75,9.0
1360,79.25,15.25,8.0
1361,79.25,15.75,6.0
1362,79.25,16.25,10.0
1363,79.25,16.75,4.0
1364,79.25,17.25,4.0
1365,79.25,17.75,4.0
1366,79.25,18.25,6.0
1367,79.25,18.75,7.0
1368,79.25,19.25,11.0
1369,79.25,19.75,11.0
1370,79.25,20.25,15.0
1371,79.25,20.75,10.0
1372,79.25,21.25,9.0
1373,79.25,21.75,12.0
1374,79.25,22.25,11.0
1375,79.25,22.75,9.0
1376,79.25,23.25,7.0
1377,79.25,23.75,7.0
1378,79.25,24.25,6.0
1379,79.25,24.75,4.0
1380,79.25,25.25,6.0
1381,79.25,25.75,5.0
1382,79.25,26.25,4.0
1383,79.25,26.75,4.0
1384,79.25,27.25,3.0
1385,79.25,27.75,4.0
1386,79.25,28.25,4.0
1387,79.25,28.75,10.0
1388,79.25,29.25,26.0
1389,79.25,29.75,25.0
1390,79.25,30.25,33.0
1391,79.25,30.75,12.0
1392,79.25,31.25,1.0
1393,79.25,31.75,0.0
1394,79.25,32.25,0.0
1395,79.25,32.75,0.0
1396,79.25,33.25,1.0
1397,79.25,33.75,1.0
1398,79.25,34.25,2.0
1399,79.25,34.75,0.0
1400,79.25,35.25,0.0
1401,79.25,35.75,1.0
1402,79.25,36.25,1.0
1403,79.75,6.25,
1404,79.75,6.75,26.0
1405,79.75,7.25,33.0
1406,79.75,7.75,16.0
1407,79.75,8.25,35.0
1408,79.75,8.75,27.0
1409,79.75,9.25,7.0
1410,79.75,9.75,8.0
1411,79.75,10.25,8.0
1412,79.75,10.75,11.0
1413,79.75,11.25,11.0
1414,79.75,11.75,9.0
1415,79.75,12.25,7.0
1416,79.75,12.75,7.0
1417,79.75,13.25,8.0
1418,79.75,13.75,7.0
1419,79.75,14.25,5.0
1420,79.75,14.75,6.0
1421,79.75,15.25,6.0
1422,79.75,15.75,9.0
1423,79.75,16.25,9.0
1424,79.75,16.75,7.0
1425,79.75,17.25,5.0
1426,79.75,17.75,6.0
1427,79.75,18.25,10.0
1428,79.75,18.75,9.0
1429,79.75,19.25,13.0
1430,79.75,19.75,13.0
1431,79.75,20.25,12.0
1432,79.75,20.75,10.0
1433,79.75,21.25,10.0
1434,79.75,21.75,11.0
1435,79.75,22.25,12.0
1436,79.75,22.75,11.0
1437,79.75,23.25,9.0
1438,79.75,23.75,6.0
1439,79.75,24.25,7.0
1440,79.75,24.75,6.0
1441,79.75,25.25,6.0
1442,79.75,25.75,6.0
1443,79.75,26.25,5.0
1444,79.75,26.75,4.0
1445,79.75,27.25,4.0
1446,79.75,27.75,5.0
1447,79.75,28.25,9.0
1448,79.75,28.75,15.0
1449,79.75,29.25,33.0
1450,79.75,29.75,24.0
1451,79.75,30.25,24.0
1452,79.75,30.75,7.0
1453,79.75,31.25,0.0
1454,79.75,31.75,0.0
1455,79.75,32.25,0.0
1456,79.75,32.75,0.0
1457,79.75,33.25,1.0
1458,79.75,33.75,2.0
1459,79.75,34.25,2.0
1460,79.75,34.75,0.0
1461,79.75,35.25,0.0
1462,79.75,35.75,2.0
1463,79.75,36.25,1.0
1464,80.25,6.25,54.0
1465,80.25,6.75,50.0
1466,80.25,7.25,44.0
1467,80.25,7.75,19.0
1468,80.25,8.25,24.0
1469,80.25,8.75,39.0
1470,80.25,9.25,27.0
1471,80.25,9.75,7.0
1472,80.25,10.25,
1473,80.25,10.75,
1474,80.25,11.25,
1475,80.25,11.75,
1476,80.25,12.25,8.0
1477,80.25,12.75,9.0
1478,80.25,13.25,7.0
1479,80.25,13.75,5.0
1480,80.25,14.25,7.0
1481,80.25,14.75,10.0
1482,80.25,15.25,9.0
1483,80.25,15.75,10.0
1484,80.25,16.25,11.0
1485,80.25,16.75,12.0
1486,80.25,17.25,11.0
1487,80.25,17.75,16.0
1488,80.25,18.25,23.0
1489,80.25,18.75,22.0
1490,80.25,19.25,27.0
1491,80.25,19.75,24.0
1492,80.25,20.25,21.0
1493,80.25,20.75,20.0
1494,80.25,21.25,13.0
1495,80.25,21.75,14.0
1496,80.25,22.25,18.0
1497,80.25,22.75,13.0
1498,80.25,23.25,13.0
1499,80.25,23.75,7.0
1500,80.25,24.25,6.0
1501,80.25,24.75,7.0
1502,80.25,25.25,8.0
1503,80.25,25.75,7.0
1504,80.25,26.25,4.0
1505,80.25,26.75,4.0
1506,80.25,27.25,4.0
1507,80.25,27.75,5.0
1508,80.25,28.25,15.0
1509,80.25,28.75,19.0
1510,80.25,29.25,29.0
1511,80.25,29.75,30.0
1512,80.25,30.25,13.0
1513,80.25,30.75,2.0
1514,80.25,31.25,1.0
1515,80.25,31.75,1.0
1516,80.25,32.25,1.0
1517,80.25,32.75,1.0
1518,80.25,33.25,1.0
1519,80.25,33.75,1.0
1520,80.25,34.25,2.0
1521,80.25,34.75,0.0
1522,80.25,35.25,1.0
1523,80.25,35.75,2.0
1524,80.25,36.25,0.0
1525,80.75,6.25,35.0
1526,80.75,6.75,39.0
1527,80.75,7.25,37.0
1528,80.75,7.75,33.0
1529,80.75,8.25,24.0
1530,80.75,8.75,33.0
1531,80.75,9.25,39.0
1532,80.75,9.75,
1533,80.75,10.25,
1534,80.75,10.75,
1535,80.75,11.25,
1536,80.75,11.75,
1537,80.75,12.25,
1538,80.75,12.75,
1539,80.75,13.25,
1540,80.75,13.75,
1541,80.75,14.25,
1542,80.75,14.75,
1543,80.75,15.25,
1544,80.75,15.75,14.0
1545,80.75,16.25,16.0
1546,80.75,16.75,13.0
1547,80.75,17.25,15.0
1548,80.75,17.75,19.0
1549,80.75,18.25,20.0
1550,80.75,18.75,26.0
1551,80.75,19.25,28.0
1552,80.75,19.75,27.0
1553,80.75,20.25,16.0
1554,80.75,20.75,8.0
1555,80.75,21.25,14.0
1556,80.75,21.75,21.0
1557,80.75,22.25,22.0
1558,80.75,22.75,15.0
1559,80.75,23.25,13.0
1560,80.75,23.75,10.0
1561,80.75,24.25,7.0
1562,80.75,24.75,8.0
1563,80.75,25.25,10.0
1564,80.75,25.75,6.0
1565,80.75,26.25,4.0
1566,80.75,26.75,5.0
1567,80.75,27.25,4.0
1568,80.75,27.75,5.0
1569,80.75,28.25,14.0
1570,80.75,28.75,25.0
1571,80.75,29.25,33.0
1572,80.75,29.75,27.0
1573,80.75,30.25,8.0
1574,80.75,30.75,1.0
1575,80.75,31.25,1.0
1576,80.75,31.75,1.0
1577,80.75,32.25,0.0
1578,80.75,32.75,1.0
1579,80.75,33.25,0.0
1580,80.75,33.75,0.0
1581,80.75,34.25,1.0
1582,80.75,34.75,0.0
1583,80.75,35.25,1.0
1584,80.75,35.75,2.0
1585,80.75,36.25,0.0
1586,81.25,6.25,25.0
1587,81.25,6.75,37.0
1588,81.25,7.25,30.0
1589,81.25,7.75,13.0
1590,81.25,8.25,22.0
1591,81.25,8.75,35.0
1592,81.25,9.25,
1593,81.25,9.75,
1594,81.25,10.25,
1595,81.25,10.75,
1596,81.25,11.25,
1597,81.25,11.75,
1598,81.25,12.25,
1599,81.25,12.75,
1600,81.25,13.25,
1601,81.25,13.75,
1602,81.25,14.25,
1603,81.25,14.75,
1604,81.25,15.25,
1605,81.25,15.75,8.0
1606,81.25,16.25,14.0
1607,81.25,16.75,14.0
1608,81.25,17.25,19.0
1609,81.25,17.75,23.0
1610,81.25,18.25,17.0
1611,81.25,18.75,18.0
1612,81.25,19.25,20.0
1613,81.25,19.75,16.0
1614,81.25,20.25,9.0
1615,81.25,20.75,7.0
1616,81.25,21.25,8.0
1617,81.25,21.75,10.0
1618,81.25,22.25,14.0
1619,81.25,22.75,16.0
1620,81.25,23.25,13.0
1621,81.25,23.75,9.0
1622,81.25,24.25,8.0
1623,81.25,24.75,10.0
1624,81.25,25.25,6.0
1625,81.25,25.75,5.0
1626,81.25,26.25,5.0
1627,81.25,26.75,6.0
1628,81.25,27.25,7.0
1629,81.25,27.75,8.0
1630,81.25,28.25,15.0
1631,81.25,28.75,27.0
1632,81.25,29.25,31.0
1633,81.25,29.75,19.0
1634,81.25,30.25,1.0
1635,81.25,30.75,1.0
1636,81.25,31.25,1.0
1637,81.25,31.75,1.0
1638,81.25,32.25,0.0
1639,81.25,32.75,0.0
1640,81.25,33.25,0.0
1641,81.25,33.75,0.0
1642,81.25,34.25,1.0
1643,81.25,34.75,0.0
1644,81.25,35.25,1.0
1645,81.25,35.75,1.0
1646,81.25,36.25,0.0
1647,81.75,6.25,33.0
1648,81.75,6.75,42.0
1649,81.75,7.25,22.0
1650,81.75,7.75,7.0
1651,81.75,8.25,
1652,81.75,8.75,
1653,81.75,9.25,
1654,81.75,9.75,
1655,81.75,10.25,
1656,81.75,10.75,
1657,81.75,11.25,
1658,81.75,11.75,
1659,81.75,12.25,
1660,81.75,12.75,
1661,81.75,13.25,
1662,81.75,13.75,
1663,81.75,14.25,
1664,81.75,14.75,
1665,81.75,15.25,
1666,81.75,15.75,
1667,81.75,16.25,18.0
1668,81.75,16.75,16.0
1669,81.75,17.25,19.0
1670,81.75,17.75,36.0
1671,81.75,18.25,12.0
1672,81.75,18.75,12.0
1673,81.75,19.25,7.0
1674,81.75,19.75,8.0
1675,81.75,20.25,10.0
1676,81.75,20.75,7.0
1677,81.75,21.25,6.0
1678,81.75,21.75,7.0
1679,81.75,22.25,14.0
1680,81.75,22.75,17.0
1681,81.75,23.25,6.0
1682,81.75,23.75,16.0
1683,81.75,24.25,10.0
1684,81.75,24.75,7.0
1685,81.75,25.25,6.0
1686,81.75,25.75,5.0
1687,81.75,26.25,5.0
1688,81.75,26.75,7.0
1689,81.75,27.25,7.0
1690,81.75,27.75,9.0
1691,81.75,28.25,22.0
1692,81.75,28.75,27.0
1693,81.75,29.25,38.0
1694,81.75,29.75,26.0
1695,81.75,30.25,4.0
1696,81.75,30.75,1.0
1697,81.75,31.25,2.0
1698,81.75,31.75,1.0
1699,81.75,32.25,0.0
1700,81.75,32.75,0.0
1701,81.75,33.25,0.0
1702,81.75,33.75,1.0
1703,81.75,34.25,1.0
1704,81.75,34.75,1.0
1705,81.75,35.25,2.0
1706,81.75,35.75,1.0
1707,81.75,36.25,1.0
1708,82.25,6.25,
1709,82.25,6.75,
1710,82.25,7.25,
1711,82.25,7.75,
1712,82.25,8.25,
1713,82.25,8.75,
1714,82.25,9.25,
1715,82.25,9.75,
1716,82.25,10.25,
1717,82.25,10.75,
1718,82.25,11.25,
1719,82.25,11.75,
1720,82.25,12.25,
1721,82.25,12.75,
1722,82.25,13.25,
1723,82.25,13.75,
1724,82.25,14.25,
1725,82.25,14.75,
1726,82.25,15.25,
1727,82.25,15.75,
1728,82.25,16.25,
1729,82.25,16.75,19.0
1730,82.25,17.25,22.0
1731,82.25,17.75,28.0
1732,82.25,18.25,18.0
1733,82.25,18.75,13.0
1734,82.25,19.25,4.0
1735,82.25,19.75,6.0
1736,82.25,20.25,16.0
1737,82.25,20.75,8.0
1738,82.25,21.25,6.0
1739,82.25,21.75,5.0
1740,82.25,22.25,9.0
1741,82.25,22.75,13.0
1742,82.25,23.25,9.0
1743,82.25,23.75,25.0
1744,82.25,24.25,10.0
1745,82.25,24.75,6.0
1746,82.25,25.25,5.0
1747,82.25,25.75,6.0
1748,82.25,26.25,7.0
1749,82.25,26.75,9.0
1750,82.25,27.25,6.0
1751,82.25,27.75,17.0
1752,82.25,28.25,22.0
1753,82.25,28.75,30.0
1754,82.25,29.25,27.0
1755,82.25,29.75,18.0
1756,82.25,30.25,1.0
1757,82.25,30.75,1.0
1758,82.25,31.25,1.0
1759,82.25,31.75,1.0
1760,82.25,32.25,0.0
1761,82.25,32.75,0.0
1762,82.25,33.25,0.0
1763,82.25,33.75,2.0
1764,82.25,34.25,2.0
1765,82.25,34.75,1.0
1766,82.25,35.25,2.0
1767,82.25,35.75,1.0
1768,82.25,36.25,1.0
1769,82.75,6.25,
1770,82.75,6.75,
1771,82.75,7.25,
1772,82.75,7.75,
1773,82.75,8.25,
1774,82.75,8.75,
1775,82.75,9.25,
1776,82.75,9.75,
1777,82.75,10.25,
1778,82.75,10.75,
1779,82.75,11.25,
1780,82.75,11.75,
1781,82.75,12.25,
1782,82.75,12.75,
1783,82.75,13.25,
1784,82.75,13.75,
1785,82.75,14.25,
1786,82.75,14.75,
1787,82.75,15.25,
1788,82.75,15.75,
1789,82.75,16.25,
1790,82.75,16.75,
1791,82.75,17.25,18.0
1792,82.75,17.75,18.0
1793,82.75,18.25,11.0
1794,82.75,18.75,7.0
1795,82.75,19.25,6.0
1796,82.75,19.75,9.0
1797,82.75,20.25,6.0
1798,82.75,20.75,5.0
1799,82.75,21.25,4.0
1800,82.75,21.75,5.0
1801,82.75,22.25,10.0
1802,82.75,22.75,16.0
1803,82.75,23.25,6.0
1804,82.75,23.75,18.0
1805,82.75,24.25,9.0
1806,82.75,24.75,6.0
1807,82.75,25.25,5.0
1808,82.75,25.75,6.0
1809,82.75,26.25,7.0
1810,82.75,26.75,7.0
1811,82.75,27.25,6.0
1812,82.75,27.75,21.0
1813,82.75,28.25,29.0
1814,82.75,28.75,27.0
1815,82.75,29.25,9.0
1816,82.75,29.75,4.0
1817,82.75,30.25,1.0
1818,82.75,30.75,1.0
1819,82.75,31.25,0.0
1820,82.75,31.75,0.0
1821,82.75,32.25,1.0
1822,82.75,32.75,0.0
1823,82.75,33.25,0.0
1824,82.75,33.75,1.0
1825,82.75,34.25,1.0
1826,82.75,34.75,1.0
1827,82.75,35.25,0.0
1828,82.75,35.75,1.0
1829,82.75,36.25,1.0
1830,83.25,6.25,
1831,83.25,6.75,
1832,83.25,7.25,
1833,83.25,7.75,
1834,83.25,8.25,
1835,83.25,8.75,
1836,83.25,9.25,
1837,83.25,9.75,
1838,83.25,10.25,
1839,83.25,10.75,
1840,83.25,11.25,
1841,83.25,11.75,
1842,83.25,12.25,
1843,83.25,12.75,
1844,83.25,13.25,
1845,83.25,13.75,
1846,83.25,14.25,
1847,83.25,14.75,
1848,83.25,15.25,
1849,83.25,15.75,
1850,83.25,16.25,
1851,83.25,16.75,
1852,83.25,17.25,
1853,83.25,17.75,12.0
1854,83.25,18.25,12.0
1855,83.25,18.75,15.0
1856,83.25,19.25,15.0
1857,83.25,19.75,17.0
1858,83.25,20.25,7.0
1859,83.25,20.75,6.0
1860,83.25,21.25,5.0
1861,83.25,21.75,4.0
1862,83.25,22.25,11.0
1863,83.25,22.75,12.0
1864,83.25,23.25,8.0
1865,83.25,23.75,13.0
1866,83.25,24.25,10.0
1867,83.25,24.75,7.0
1868,83.25,25.25,8.0
1869,83.25,25.75,7.0
1870,83.25,26.25,7.0
1871,83.25,26.75,6.0
1872,83.25,27.25,6.0
1873,83.25,27.75,19.0
1874,83.25,28.25,30.0
1875,83.25,28.75,11.0
1876,83.25,29.25,3.0
1877,83.25,29.75,1.0
1878,83.25,30.25,1.0
1879,83.25,30.75,1.0
1880,83.25,31.25,1.0
1881,83.25,31.75,0.0
1882,83.25,32.25,1.0
1883,83.25,32.75,0.0
1884,83.25,33.25,0.0
1885,83.25,33.75,0.0
1886,83.25,34.25,1.0
1887,83.25,34.75,0.0
1888,83.25,35.25,0.0
1889,83.25,35.75,0.0
1890,83.25,36.25,0.0
1891,83.75,6.25,
1892,83.75,6.75,
1893,83.75,7.25,
1894,83.75,7.75,
1895,83.75,8.25,
1896,83.75,8.75,
1897,83.75,9.25,
1898,83.75,9.75,
1899,83.75,10.25,
1900,83.75,10.75,
1901,83.75,11.25,
1902,83.75,11.75,
1903,83.75,12.25,
1904,83.75,12.75,
1905,83.75,13.25,
1906,83.75,13.75,
1907,83.75,14.25,
1908,83.75,14.75,
1909,83.75,15.25,
1910,83.75,15.75,
1911,83.75,16.25,
1912,83.75,16.75,
1913,83.75,17.25,
1914,83.75,17.75,
1915,83.75,18.25,7.0
1916,83.75,18.75,16.0
1917,83.75,19.25,21.0
1918,83.75,19.75,27.0
1919,83.75,20.25,23.0
1920,83.75,20.75,9.0
1921,83.75,21.25,10.0
1922,83.75,21.75,12.0
1923,83.75,22.25,10.0
1924,83.75,22.75,8.0
1925,83.75,23.25,14.0
1926,83.75,23.75,15.0
1927,83.75,24.25,8.0
1928,83.75,24.75,10.0
1929,83.75,25.25,9.0
1930,83.75,25.75,6.0
1931,83.75,26.25,6.0
1932,83.75,26.75,9.0
1933,83.75,27.25,12.0
1934,83.75,27.75,22.0
1935,83.75,28.25,27.0
1936,83.75,28.75,7.0
1937,83.75,29.25,1.0
1938,83.75,29.75,1.0
1939,83.75,30.25,1.0
1940,83.75,30.75,1.0
1941,83.75,31.25,1.0
1942,83.75,31.75,0.0
1943,83.75,32.25,0.0
1944,83.75,32.75,0.0
1945,83.75,33.25,0.0
1946,83.75,33.75,0.0
1947,83.75,34.25,0.0
1948,83.75,34.75,0.0
1949,83.75,35.25,0.0
1950,83.75,35.75,0.0
1951,83.75,36.25,0.0
1952,84.25,6.25,
1953,84.25,6.75,
1954,84.25,7.25,
1955,84.25,7.75,
1956,84.25,8.25,
1957,84.25,8.75,
1958,84.25,9.25,
1959,84.25,9.75,
1960,84.25,10.25,
1961,84.25,10.75,
1962,84.25,11.25,
1963,84.25,11.75,
1964,84.25,12.25,
1965,84.25,12.75,
1966,84.25,13.25,
1967,84.25,13.75,
1968,84.25,14.25,
1969,84.25,14.75,
1970,84.25,15.25,
1971,84.25,15.75,
1972,84.25,16.25,
1973,84.25,16.75,
1974,84.25,17.25,
1975,84.25,17.75,
1976,84.25,18.25,8.0
1977,84.25,18.75,18.0
1978,84.25,19.25,21.0
1979,84.25,19.75,24.0
1980,84.25,20.25,17.0
1981,84.25,20.75,13.0
1982,84.25,21.25,22.0
1983,84.25,21.75,10.0
1984,84.25,22.25,9.0
1985,84.25,22.75,9.0
1986,84.25,23.25,14.0
1987,84.25,23.75,21.0
1988,84.25,24.25,8.0
1989,84.25,24.75,7.0
1990,84.25,25.25,9.0
1991,84.25,25.75,5.0
1992,84.25,26.25,7.0
1993,84.25,26.75,10.0
1994,84.25,27.25,20.0
1995,84.25,27.75,25.0
1996,84.25,28.25,34.0
1997,84.25,28.75,5.0
1998,84.25,29.25,1.0
1999,84.25,29.75,0.0
2000,84.25,30.25,2.0
2001,84.25,30.75,1.0
2002,84.25,31.25,1.0
2003,84.25,31.75,0.0
2004,84.25,32.25,0.0
2005,84.25,32.75,0.0
2006,84.25,33.25,0.0
2007,84.25,33.75,0.0
2008,84.25,34.25,1.0
2009,84.25,34.75,0.0
2010,84.25,35.25,0.0
2011,84.25,35.75,0.0
2012,84.25,36.25,0.0
2013,84.75,6.25,
2014,84.75,6.75,
2015,84.75,7.25,
2016,84.75,7.75,
2017,84.75,8.25,
2018,84.75,8.75,
2019,84.75,9.25,
2020,84.75,9.75,
2021,84.75,10.25,
2022,84.75,10.75,
2023,84.75,11.25,
2024,84.75,11.75,
2025,84.75,12.25,
2026,84.75,12.75,
2027,84.75,13.25,
2028,84.75,13.75,
2029,84.75,14.25,
2030,84.75,14.75,
2031,84.75,15.25,
2032,84.75,15.75,
2033,84.75,16.25,
2034,84.75,16.75,
2035,84.75,17.25,
2036,84.75,17.75,
2037,84.75,18.25,
2038,84.75,18.75,15.0
2039,84.75,19.25,10.0
2040,84.75,19.75,14.0
2041,84.75,20.25,24.0
2042,84.75,20.75,20.0
2043,84.75,21.25,14.0
2044,84.75,21.75,21.0
2045,84.75,22.25,13.0
2046,84.75,22.75,7.0
2047,84.75,23.25,4.0
2048,84.75,23.75,12.0
2049,84.75,24.25,13.0
2050,84.75,24.75,7.0
2051,84.75,25.25,7.0
2052,84.75,25.75,7.0
2053,84.75,26.25,10.0
2054,84.75,26.75,10.0
2055,84.75,27.25,21.0
2056,84.75,27.75,26.0
2057,84.75,28.25,24.0
2058,84.75,28.75,5.0
2059,84.75,29.25,1.0
2060,84.75,29.75,1.0
2061,84.75,30.25,1.0
2062,84.75,30.75,1.0
2063,84.75,31.25,0.0
2064,84.75,31.75,0.0
2065,84.75,32.25,0.0
2066,84.75,32.75,0.0
2067,84.75,33.25,0.0
2068,84.75,33.75,0.0
2069,84.75,34.25,0.0
2070,84.75,34.75,0.0
2071,84.75,35.25,0.0
2072,84.75,35.75,0.0
2073,84.75,36.25,0.0
2074,85.25,6.25,
2075,85.25,6.75,
2076,85.25,7.25,
2077,85.25,7.75,
2078,85.25,8.25,
2079,85.25,8.75,
2080,85.25,9.25,
2081,85.25,9.75,
2082,85.25,10.25,
2083,85.25,10.75,
2084,85.25,11.25,
2085,85.25,11.75,
2086,85.25,12.25,
2087,85.25,12.75,
2088,85.25,13.25,
2089,85.25,13.75,
2090,85.25,14.25,
2091,85.25,14.75,
2092,85.25,15.25,
2093,85.25,15.75,
2094,85.25,16.25,
2095,85.25,16.75,
2096,85.25,17.25,
2097,85.25,17.75,
2098,85.25,18.25,
2099,85.25,18.75,
2100,85.25,19.25,15.0
2101,85.25,19.75,21.0
2102,85.25,20.25,12.0
2103,85.25,20.75,13.0
2104,85.25,21.25,16.0
2105,85.25,21.75,22.0
2106,85.25,22.25,23.0
2107,85.25,22.75,20.0
2108,85.25,23.25,5.0
2109,85.25,23.75,11.0
2110,85.25,24.25,11.0
2111,85.25,24.75,7.0
2112,85.25,25.25,8.0
2113,85.25,25.75,9.0
2114,85.25,26.25,8.0
2115,85.25,26.75,5.0
2116,85.25,27.25,22.0
2117,85.25,27.75,23.0
2118,85.25,28.25,23.0
2119,85.25,28.75,3.0
2120,85.25,29.25,1.0
2121,85.25,29.75,1.0
2122,85.25,30.25,1.0
2123,85.25,30.75,1.0
2124,85.25,31.25,0.0
2125,85.25,31.75,0.0
2126,85.25,32.25,0.0
2127,85.25,32.75,0.0
2128,85.25,33.25,0.0
2129,85.25,33.75,0.0
2130,85.25,34.25,0.0
2131,85.25,34.75,0.0
2132,85.25,35.25,0.0
2133,85.25,35.75,0.0
2134,85.25,36.25,0.0
2135,85.75,6.25,
2136,85.75,6.75,
2137,85.75,7.25,
2138,85.75,7.75,
2139,85.75,8.25,
2140,85.75,8.75,
2141,85.75,9.25,
2142,85.75,9.75,
2143,85.75,10.25,
2144,85.75,10.75,
2145,85.75,11.25,
2146,85.75,11.75,
2147,85.75,12.25,
2148,85.75,12.75,
2149,85.75,13.25,
2150,85.75,13.75,
2151,85.75,14.25,
2152,85.75,14.75,
2153,85.75,15.25,
2154,85.75,15.75,
2155,85.75,16.25,
2156,85.75,16.75,
2157,85.75,17.25,
2158,85.75,17.75,
2159,85.75,18.25,
2160,85.75,18.75,
2161,85.75,19.25,
2162,85.75,19.75,10.0
2163,85.75,20.25,7.0
2164,85.75,20.75,10.0
2165,85.75,21.25,17.0
2166,85.75,21.75,5.0
2167,85.75,22.25,11.0
2168,85.75,22.75,14.0
2169,85.75,23.25,9.0
2170,85.75,23.75,10.0
2171,85.75,24.25,6.0
2172,85.75,24.75,12.0
2173,85.75,25.25,5.0
2174,85.75,25.75,9.0
2175,85.75,26.25,8.0
2176,85.75,26.75,6.0
2177,85.75,27.25,23.0
2178,85.75,27.75,27.0
2179,85.75,28.25,7.0
2180,85.75,28.75,1.0
2181,85.75,29.25,1.0
2182,85.75,29.75,1.0
2183,85.75,30.25,1.0
2184,85.75,30.75,1.0
2185,85.75,31.25,0.0
2186,85.75,31.75,0.0
2187,85.75,32.25,0.0
2188,85.75,32.75,0.0
2189,85.75,33.25,0.0
2190,85.75,33.75,0.0
2191,85.75,34.25,1.0
2192,85.75,34.75,0.0
2193,85.75,35.25,0.0
2194,85.75,35.75,1.0
2195,85.75,36.25,0.0
2196,86.25,6.25,
2197,86.25,6.75,
2198,86.25,7.25,
2199,86.25,7.75,
2200,86.25,8.25,
2201,86.25,8.75,
2202,86.25,9.25,
2203,86.25,9.75,
2204,86.25,10.25,
2205,86.25,10.75,
2206,86.25,11.25,
2207,86.25,11.75,
2208,86.25,12.25,
2209,86.25,12.75,
2210,86.25,13.25,
2211,86.25,13.75,
2212,86.25,14.25,
2213,86.25,14.75,
2214,86.25,15.25,
2215,86.25,15.75,
2216,86.25,16.25,
2217,86.25,16.75,
2218,86.25,17.25,
2219,86.25,17.75,
2220,86.25,18.25,
2221,86.25,18.75,
2222,86.25,19.25,
2223,86.25,19.75,5.0
2224,86.25,20.25,5.0
2225,86.25,20.75,5.0
2226,86.25,21.25,11.0
2227,86.25,21.75,33.0
2228,86.25,22.25,14.0
2229,86.25,22.75,11.0
2230,86.25,23.25,7.0
2231,86.25,23.75,8.0
2232,86.25,24.25,3.0
2233,86.25,24.75,6.0
2234,86.25,25.25,11.0
2235,86.25,25.75,9.0
2236,86.25,26.25,6.0
2237,86.25,26.75,9.0
2238,86.25,27.25,20.0
2239,86.25,27.75,24.0
2240,86.25,28.25,3.0
2241,86.25,28.75,1.0
2242,86.25,29.25,2.0
2243,86.25,29.75,1.0
2244,86.25,30.25,1.0
2245,86.25,30.75,1.0
2246,86.25,31.25,1.0
2247,86.25,31.75,0.0
2248,86.25,32.25,0.0
2249,86.25,32.75,0.0
2250,86.25,33.25,0.0
2251,86.25,33.75,0.0
2252,86.25,34.25,0.0
2253,86.25,34.75,0.0
2254,86.25,35.25,0.0
2255,86.25,35.75,0.0
2256,86.25,36.25,0.0
2257,86.75,6.25,
2258,86.75,6.75,
2259,86.75,7.25,
2260,86.75,7.75,
2261,86.75,8.25,
2262,86.75,8.75,
2263,86.75,9.25,
2264,86.75,9.75,
2265,86.75,10.25,
2266,86.75,10.75,
2267,86.75,11.25,
2268,86.75,11.75,
2269,86.75,12.25,
2270,86.75,12.75,
2271,86.75,13.25,
2272,86.75,13.75,
2273,86.75,14.25,
2274,86.75,14.75,
2275,86.75,15.25,
2276,86.75,15.75,
2277,86.75,16.25,
2278,86.75,16.75,
2279,86.75,17.25,
2280,86.75,17.75,
2281,86.75,18.25,
2282,86.75,18.75,
2283,86.75,19.25,
2284,86.75,19.75,
2285,86.75,20.25,8.0
2286,86.75,20.75,8.0
2287,86.75,21.25,10.0
2288,86.75,21.75,9.0
2289,86.75,22.25,6.0
2290,86.75,22.75,9.0
2291,86.75,23.25,4.0
2292,86.75,23.75,5.0
2293,86.75,24.25,2.0
2294,86.75,24.75,3.0
2295,86.75,25.25,7.0
2296,86.75,25.75,9.0
2297,86.75,26.25,7.0
2298,86.75,26.75,18.0
2299,86.75,27.25,22.0
2300,86.75,27.75,13.0
2301,86.75,28.25,1.0
2302,86.75,28.75,1.0
2303,86.75,29.25,1.0
2304,86.75,29.75,1.0
2305,86.75,30.25,1.0
2306,86.75,30.75,1.0
2307,86.75,31.25,1.0
2308,86.75,31.75,0.0
2309,86.75,32.25,0.0
2310,86.75,32.75,0.0
2311,86.75,33.25,0.0
2312,86.75,33.75,0.0
2313,86.75,34.25,0.0
2314,86.75,34.75,0.0
2315,86.75,35.25,0.0
2316,86.75,35.75,0.0
2317,86.75,36.25,0.0
2318,87.25,6.25,
2319,87.25,6.75,
2320,87.25,7.25,
2321,87.25,7.75,
2322,87.25,8.25,
2323,87.25,8.75,
2324,87.25,9.25,
2325,87.25,9.75,
2326,87.25,10.25,
2327,87.25,10.75,
2328,87.25,11.25,
2329,87.25,11.75,
2330,87.25,12.25,
2331,87.25,12.75,
2332,87.25,13.25,
2333,87.25,13.75,
2334,87.25,14.25,
2335,87.25,14.75,
2336,87.25,15.25,
2337,87.25,15.75,
2338,87.25,16.25,
2339,87.25,16.75,
2340,87.25,17.25,
2341,87.25,17.75,
2342,87.25,18.25,
2343,87.25,18.75,
2344,87.25,19.25,
2345,87.25,19.75,
2346,87.25,20.25,
2347,87.25,20.75,
2348,87.25,21.25,
2349,87.25,21.75,5.0
2350,87.25,22.25,5.0
2351,87.25,22.75,6.0
2352,87.25,23.25,6.0
2353,87.25,23.75,5.0
2354,87.25,24.25,6.0
2355,87.25,24.75,8.0
2356,87.25,25.25,6.0
2357,87.25,25.75,11.0
2358,87.25,26.25,7.0
2359,87.25,26.75,16.0
2360,87.25,27.25,24.0
2361,87.25,27.75,27.0
2362,87.25,28.25,3.0
2363,87.25,28.75,1.0
2364,87.25,29.25,2.0
2365,87.25,29.75,1.0
2366,87.25,30.25,1.0
2367,87.25,30.75,1.0
2368,87.25,31.25,1.0
2369,87.25,31.75,0.0
2370,87.25,32.25,1.0
2371,87.25,32.75,0.0
2372,87.25,33.25,0.0
2373,87.25,33.75,0.0
2374,87.25,34.25,0.0
2375,87.25,34.75,0.0
2376,87.25,35.25,0.0
2377,87.25,35.75,0.0
2378,87.25,36.25,0.0
2379,87.75,6.25,
2380,87.75,6.75,
2381,87.75,7.25,
2382,87.75,7.75,
2383,87.75,8.25,
2384,87.75,8.75,
2385,87.75,9.25,
2386,87.75,9.75,
2387,87.75,10.25,
2388,87.75,10.75,
2389,87.75,11.25,
2390,87.75,11.75,
2391,87.75,12.25,
2392,87.75,12.75,
2393,87.75,13.25,
2394,87.75,13.75,
2395,87.75,14.25,
2396,87.75,14.75,
2397,87.75,15.25,
2398,87.75,15.75,
2399,87.75,16.25,
2400,87.75,16.75,
2401,87.75,17.25,
2402,87.75,17.75,
2403,87.75,18.25,
2404,87.75,18.75,
2405,87.75,19.25,
2406,87.75,19.75,
2407,87.75,20.25,
2408,87.75,20.75,
2409,87.75,21.25,
2410,87.75,21.75,6.0
2411,87.75,22.25,7.0
2412,87.75,22.75,7.0
2413,87.75,23.25,5.0
2414,87.75,23.75,5.0
2415,87.75,24.25,7.0
2416,87.75,24.75,10.0
2417,87.75,25.25,12.0
2418,87.75,25.75,9.0
2419,87.75,26.25,3.0
2420,87.75,26.75,17.0
2421,87.75,27.25,32.0
2422,87.75,27.75,15.0
2423,87.75,28.25,1.0
2424,87.75,28.75,1.0
2425,87.75,29.25,1.0
2426,87.75,29.75,2.0
2427,87.75,30.25,1.0
2428,87.75,30.75,1.0
2429,87.75,31.25,1.0
2430,87.75,31.75,0.0
2431,87.75,32.25,1.0
2432,87.75,32.75,0.0
2433,87.75,33.25,0.0
2434,87.75,33.75,0.0
2435,87.75,34.25,0.0
2436,87.75,34.75,0.0
2437,87.75,35.25,0.0
2438,87.75,35.75,0.0
2439,87.75,36.25,0.0
2440,88.25,6.25,
2441,88.25,6.75,
2442,88.25,7.25,
2443,88.25,7.75,
2444,88.25,8.25,
2445,88.25,8.75,
2446,88.25,9.25,
2447,88.25,9.75,
2448,88.25,10.25,
2449,88.25,10.75,
2450,88.25,11.25,
2451,88.25,11.75,
2452,88.25,12.25,
2453,88.25,12.75,
2454,88.25,13.25,
2455,88.25,13.75,
2456,88.25,14.25,
2457,88.25,14.75,
2458,88.25,15.25,
2459,88.25,15.75,
2460,88.25,16.25,
2461,88.25,16.75,
2462,88.25,17.25,
2463,88.25,17.75,
2464,88.25,18.25,
2465,88.25,18.75,
2466,88.25,19.25,
2467,88.25,19.75,
2468,88.25,20.25,
2469,88.25,20.75,
2470,88.25,21.25,
2471,88.25,21.75,6.0
2472,88.25,22.25,7.0
2473,88.25,22.75,10.0
2474,88.25,23.25,7.0
2475,88.25,23.75,6.0
2476,88.25,24.25,8.0
2477,88.25,24.75,8.0
2478,88.25,25.25,6.0
2479,88.25,25.75,7.0
2480,88.25,26.25,5.0
2481,88.25,26.75,24.0
2482,88.25,27.25,45.0
2483,88.25,27.75,7.0
2484,88.25,28.25,0.0
2485,88.25,28.75,2.0
2486,88.25,29.25,1.0
2487,88.25,29.75,1.0
2488,88.25,30.25,1.0
2489,88.25,30.75,1.0
2490,88.25,31.25,1.0
2491,88.25,31.75,0.0
2492,88.25,32.25,0.0
2493,88.25,32.75,0.0
2494,88.25,33.25,0.0
2495,88.25,33.75,0.0
2496,88.25,34.25,0.0
2497,88.25,34.75,0.0
2498,88.25,35.25,0.0
2499,88.25,35.75,0.0
2500,88.25,36.25,0.0
2501,88.75,6.25,
2502,88.75,6.75,
2503,88.75,7.25,
2504,88.75,7.75,
2505,88.75,8.25,
2506,88.75,8.75,
2507,88.75,9.25,
2508,88.75,9.75,
2509,88.75,10.25,
2510,88.75,10.75,
2511,88.75,11.25,
2512,88.75,11.75,
2513,88.75,12.25,
2514,88.75,12.75,
2515,88.75,13.25,
2516,88.75,13.75,
2517,88.75,14.25,
2518,88.75,14.75,
2519,88.75,15.25,
2520,88.75,15.75,
2521,88.75,16.25,
2522,88.75,16.75,
2523,88.75,17.25,
2524,88.75,17.75,
2525,88.75,18.25,
2526,88.75,18.75,
2527,88.75,19.25,
2528,88.75,19.75,
2529,88.75,20.25,
2530,88.75,20.75,
2531,88.75,21.25,
2532,88.75,21.75,25.0
2533,88.75,22.25,6.0
2534,88.75,22.75,10.0
2535,88.75,23.25,9.0
2536,88.75,23.75,11.0
2537,88.75,24.25,11.0
2538,88.75,24.75,7.0
2539,88.75,25.25,5.0
2540,88.75,25.75,7.0
2541,88.75,26.25,6.0
2542,88.75,26.75,20.0
2543,88.75,27.25,46.0
2544,88.75,27.75,17.0
2545,88.75,28.25,1.0
2546,88.75,28.75,2.0
2547,88.75,29.25,1.0
2548,88.75,29.75,2.0
2549,88.75,30.25,2.0
2550,88.75,30.75,1.0
2551,88.75,31.25,0.0
2552,88.75,31.75,0.0
2553,88.75,32.25,0.0
2554,88.75,32.75,0.0
2555,88.75,33.25,0.0
2556,88.75,33.75,0.0
2557,88.75,34.25,0.0
2558,88.75,34.75,0.0
2559,88.75,35.25,1.0
2560,88.75,35.75,0.0
2561,88.75,36.25,0.0
2562,89.25,6.25,
2563,89.25,6.75,
2564,89.25,7.25,
2565,89.25,7.75,
2566,89.25,8.25,
2567,89.25,8.75,
2568,89.25,9.25,
2569,89.25,9.75,
2570,89.25,10.25,
2571,89.25,10.75,
2572,89.25,11.25,
2573,89.25,11.75,
2574,89.25,12.25,
2575,89.25,12.75,
2576,89.25,13.25,
2577,89.25,13.75,
2578,89.25,14.25,
2579,89.25,14.75,
2580,89.25,15.25,
2581,89.25,15.75,
2582,89.25,16.25,
2583,89.25,16.75,
2584,89.25,17.25,
2585,89.25,17.75,
2586,89.25,18.25,
2587,89.25,18.75,
2588,89.25,19.25,
2589,89.25,19.75,
2590,89.25,20.25,
2591,89.25,20.75,
2592,89.25,21.25,
2593,89.25,21.75,28.0
2594,89.25,22.25,16.0
2595,89.25,22.75,11.0
2596,89.25,23.25,11.0
2597,89.25,23.75,10.0
2598,89.25,24.25,11.0
2599,89.25,24.75,8.0
2600,89.25,25.25,7.0
2601,89.25,25.75,8.0
2602,89.25,26.25,7.0
2603,89.25,26.75,30.0
2604,89.25,27.25,59.0
2605,89.25,27.75,10.0
2606,89.25,28.25,1.0
2607,89.25,28.75,2.0
2608,89.25,29.25,2.0
2609,89.25,29.75,2.0
2610,89.25,30.25,2.0
2611,89.25,30.75,1.0
2612,89.25,31.25,0.0
2613,89.25,31.75,0.0
2614,89.25,32.25,0.0
2615,89.25,32.75,0.0
2616,89.25,33.25,0.0
2617,89.25,33.75,1.0
2618,89.25,34.25,1.0
2619,89.25,34.75,1.0
2620,89.25,35.25,1.0
2621,89.25,35.75,0.0
2622,89.25,36.25,0.0
2623,89.75,6.25,
2624,89.75,6.75,
2625,89.75,7.25,
2626,89.75,7.75,
2627,89.75,8.25,
2628,89.75,8.75,
2629,89.75,9.25,
2630,89.75,9.75,
2631,89.75,10.25,
2632,89.75,10.75,
2633,89.75,11.25,
2634,89.75,11.75,
2635,89.75,12.25,
2636,89.75,12.75,
2637,89.75,13.25,
2638,89.75,13.75,
2639,89.75,14.25,
2640,89.75,14.75,
2641,89.75,15.25,
2642,89.75,15.75,
2643,89.75,16.25,
2644,89.75,16.75,
2645,89.75,17.25,
2646,89.75,17.75,
2647,89.75,18.25,
2648,89.75,18.75,
2649,89.75,19.25,
2650,89.75,19.75,
2651,89.75,20.25,
2652,89.75,20.75,
2653,89.75,21.25,
2654,89.75,21.75,47.0
2655,89.75,22.25,33.0
2656,89.75,22.75,14.0
2657,89.75,23.25,16.0
2658,89.75,23.75,10.0
2659,89.75,24.25,8.0
2660,89.75,24.75,8.0
2661,89.75,25.25,10.0
2662,89.75,25.75,8.0
2663,89.75,26.25,11.0
2664,89.75,26.75,46.0
2665,89.75,27.25,59.0
2666,89.75,27.75,42.0
2667,89.75,28.25,5.0
2668,89.75,28.75,2.0
2669,89.75,29.25,3.0
2670,89.75,29.75,2.0
2671,89.75,30.25,2.0
2672,89.75,30.75,2.0
2673,89.75,31.25,1.0
2674,89.75,31.75,0.0
2675,89.75,32.25,0.0
2676,89.75,32.75,0.0
2677,89.75,33.25,0.0
2678,89.75,33.75,0.0
2679,89.75,34.25,0.0
2680,89.75,34.75,1.0
2681,89.75,35.25,0.0
2682,89.75,35.75,1.0
2683,89.75,36.25,0.0
2684,90.25,6.25,
2685,90.25,6.75,
2686,90.25,7.25,
2687,90.25,7.75,
2688,90.25,8.25,
2689,90.25,8.75,
2690,90.25,9.25,
2691,90.25,9.75,
2692,90.25,10.25,
2693,90.25,10.75,
2694,90.25,11.25,
2695,90.25,11.75,
2696,90.25,12.25,
2697,90.25,12.75,
2698,90.25,13.25,
2699,90.25,13.75,
2700,90.25,14.25,
2701,90.25,14.75,
2702,90.25,15.25,
2703,90.25,15.75,
2704,90.25,16.25,
2705,90.25,16.75,
2706,90.25,17.25,
2707,90.25,17.75,
2708,90.25,18.25,
2709,90.25,18.75,
2710,90.25,19.25,
2711,90.25,19.75,
2712,90.25,20.25,
2713,90.25,20.75,
2714,90.25,21.25,
2715,90.25,21.75,8.0
2716,90.25,22.25,6.0
2717,90.25,22.75,11.0
2718,90.25,23.25,12.0
2719,90.25,23.75,8.0
2720,90.25,24.25,8.0
2721,90.25,24.75,10.0
2722,90.25,25.25,26.0
2723,90.25,25.75,29.0
2724,90.25,26.25,11.0
2725,90.25,26.75,44.0
2726,90.25,27.25,63.0
2727,90.25,27.75,33.0
2728,90.25,28.25,3.0
2729,90.25,28.75,3.0
2730,90.25,29.25,3.0
2731,90.25,29.75,2.0
2732,90.25,30.25,2.0
2733,90.25,30.75,1.0
2734,90.25,31.25,1.0
2735,90.25,31.75,0.0
2736,90.25,32.25,1.0
2737,90.25,32.75,0.0
2738,90.25,33.25,0.0
2739,90.25,33.75,1.0
2740,90.25,34.25,1.0
2741,90.25,34.75,1.0
2742,90.25,35.25,0.0
2743,90.25,35.75,1.0
2744,90.25,36.25,1.0
2745,90.75,6.25,
2746,90.75,6.75,
2747,90.75,7.25,
2748,90.75,7.75,
2749,90.75,8.25,
2750,90.75,8.75,
2751,90.75,9.25,
2752,90.75,9.75,
2753,90.75,10.25,
2754,90.75,10.75,
2755,90.75,11.25,
2756,90.75,11.75,
2757,90.75,12.25,
2758,90.75,12.75,
2759,90.75,13.25,
2760,90.75,13.75,
2761,90.75,14.25,
2762,90.75,14.75,
2763,90.75,15.25,
2764,90.75,15.75,
2765,90.75,16.25,
2766,90.75,16.75,
2767,90.75,17.25,
2768,90.75,17.75,
2769,90.75,18.25,
2770,90.75,18.75,
2771,90.75,19.25,
2772,90.75,19.75,
2773,90.75,20.25,
2774,90.75,20.75,
2775,90.75,21.25,
2776,90.75,21.75,13.0
2777,90.75,22.25,8.0
2778,90.75,22.75,13.0
2779,90.75,23.25,14.0
2780,90.75,23.75,14.0
2781,90.75,24.25,10.0
2782,90.75,24.75,9.0
2783,90.75,25.25,39.0
2784,90.75,25.75,30.0
2785,90.75,26.25,10.0
2786,90.75,26.75,43.0
2787,90.75,27.25,68.0
2788,90.75,27.75,36.0
2789,90.75,28.25,5.0
2790,90.75,28.75,3.0
2791,90.75,29.25,3.0
2792,90.75,29.75,3.0
2793,90.75,30.25,2.0
2794,90.75,30.75,2.0
2795,90.75,31.25,1.0
2796,90.75,31.75,1.0
2797,90.75,32.25,0.0
2798,90.75,32.75,0.0
2799,90.75,33.25,1.0
2800,90.75,33.75,1.0
2801,90.75,34.25,1.0
2802,90.75,34.75,1.0
2803,90.75,35.25,0.0
2804,90.75,35.75,1.0
2805,90.75,36.25,1.0
2806,91.25,6.25,
2807,91.25,6.75,
2808,91.25,7.25,
2809,91.25,7.75,
2810,91.25,8.25,
2811,91.25,8.75,
2812,91.25,9.25,
2813,91.25,9.75,
2814,91.25,10.25,
2815,91.25,10.75,
2816,91.25,11.25,
2817,91.25,11.75,
2818,91.25,12.25,
2819,91.25,12.75,
2820,91.25,13.25,
2821,91.25,13.75,
2822,91.25,14.25,
2823,91.25,14.75,
2824,91.25,15.25,
2825,91.25,15.75,
2826,91.25,16.25,
2827,91.25,16.75,
2828,91.25,17.25,
2829,91.25,17.75,
2830,91.25,18.25,
2831,91.25,18.75,
2832,91.25,19.25,
2833,91.25,19.75,
2834,91.25,20.25,
2835,91.25,20.75,
2836,91.25,21.25,
2837,91.25,21.75,
2838,91.25,22.25,12.0
2839,91.25,22.75,14.0
2840,91.25,23.25,15.0
2841,91.25,23.75,17.0
2842,91.25,24.25,12.0
2843,91.25,24.75,6.0
2844,91.25,25.25,33.0
2845,91.25,25.75,36.0
2846,91.25,26.25,9.0
2847,91.25,26.75,41.0
2848,91.25,27.25,61.0
2849,91.25,27.75,51.0
2850,91.25,28.25,9.0
2851,91.25,28.75,2.0
2852,91.25,29.25,3.0
2853,91.25,29.75,4.0
2854,91.25,30.25,4.0
2855,91.25,30.75,4.0
2856,91.25,31.25,2.0
2857,91.25,31.75,1.0
2858,91.25,32.25,1.0
2859,91.25,32.75,1.0
2860,91.25,33.25,2.0
2861,91.25,33.75,2.0
2862,91.25,34.25,1.0
2863,91.25,34.75,0.0
2864,91.25,35.25,0.0
2865,91.25,35.75,0.0
2866,91.25,36.25,1.0
2867,91.75,6.25,
2868,91.75,6.75,
2869,91.75,7.25,
2870,91.75,7.75,
2871,91.75,8.25,
2872,91.75,8.75,
2873,91.75,9.25,
2874,91.75,9.75,
2875,91.75,10.25,
2876,91.75,10.75,
2877,91.75,11.25,
2878,91.75,11.75,
2879,91.75,12.25,
2880,91.75,12.75,
2881,91.75,13.25,
2882,91.75,13.75,
2883,91.75,14.25,
2884,91.75,14.75,
2885,91.75,15.25,
2886,91.75,15.75,
2887,91.75,16.25,
2888,91.75,16.75,
2889,91.75,17.25,
2890,91.75,17.75,
2891,91.75,18.25,
2892,91.75,18.75,
2893,91.75,19.25,
2894,91.75,19.75,
2895,91.75,20.25,
2896,91.75,20.75,
2897,91.75,21.25,
2898,91.75,21.75,10.0
2899,91.75,22.25,13.0
2900,91.75,22.75,25.0
2901,91.75,23.25,36.0
2902,91.75,23.75,41.0
2903,91.75,24.25,25.0
2904,91.75,24.75,11.0
2905,91.75,25.25,34.0
2906,91.75,25.75,35.0
2907,91.75,26.25,21.0
2908,91.75,26.75,31.0
2909,91.75,27.25,53.0
2910,91.75,27.75,31.0
2911,91.75,28.25,4.0
2912,91.75,28.75,2.0
2913,91.75,29.25,5.0
2914,91.75,29.75,5.0
2915,91.75,30.25,6.0
2916,91.75,30.75,4.0
2917,91.75,31.25,3.0
2918,91.75,31.75,2.0
2919,91.75,32.25,2.0
2920,91.75,32.75,2.0
2921,91.75,33.25,1.0
2922,91.75,33.75,2.0
2923,91.75,34.25,1.0
2924,91.75,34.75,0.0
2925,91.75,35.25,1.0
2926,91.75,35.75,1.0
2927,91.75,36.25,1.0
2928,92.25,6.25,
2929,92.25,6.75,
2930,92.25,7.25,
2931,92.25,7.75,
2932,92.25,8.25,
2933,92.25,8.75,
2934,92.25,9.25,
2935,92.25,9.75,
2936,92.25,10.25,
2937,92.25,10.75,70.0
2938,92.25,11.25,
2939,92.25,11.75,
2940,92.25,12.25,
2941,92.25,12.75,
2942,92.25,13.25,
2943,92.25,13.75,
2944,92.25,14.25,
2945,92.25,14.75,
2946,92.25,15.25,
2947,92.25,15.75,
2948,92.25,16.25,
2949,92.25,16.75,
2950,92.25,17.25,
2951,92.25,17.75,
2952,92.25,18.25,
2953,92.25,18.75,
2954,92.25,19.25,
2955,92.25,19.75,
2956,92.25,20.25,
2957,92.25,20.75,29.0
2958,92.25,21.25,40.0
2959,92.25,21.75,40.0
2960,92.25,22.25,40.0
2961,92.25,22.75,45.0
2962,92.25,23.25,52.0
2963,92.25,23.75,57.0
2964,92.25,24.25,40.0
2965,92.25,24.75,13.0
2966,92.25,25.25,36.0
2967,92.25,25.75,37.0
2968,92.25,26.25,21.0
2969,92.25,26.75,28.0
2970,92.25,27.25,59.0
2971,92.25,27.75,18.0
2972,92.25,28.25,2.0
2973,92.25,28.75,3.0
2974,92.25,29.25,7.0
2975,92.25,29.75,5.0
2976,92.25,30.25,6.0
2977,92.25,30.75,5.0
2978,92.25,31.25,3.0
2979,92.25,31.75,3.0
2980,92.25,32.25,4.0
2981,92.25,32.75,4.0
2982,92.25,33.25,3.0
2983,92.25,33.75,1.0
2984,92.25,34.25,1.0
2985,92.25,34.75,0.0
2986,92.25,35.25,1.0
2987,92.25,35.75,1.0
2988,92.25,36.25,0.0
2989,92.75,6.25,
2990,92.75,6.75,
2991,92.75,7.25,
2992,92.75,7.75,
2993,92.75,8.25,
2994,92.75,8.75,
2995,92.75,9.25,65.0
2996,92.75,9.75,
2997,92.75,10.25,
2998,92.75,10.75,65.0
2999,92.75,11.25,71.0
3000,92.75,11.75,65.0
3001,92.75,12.25,69.0
3002,92.75,12.75,65.0
3003,92.75,13.25,63.0
3004,92.75,13.75,
3005,92.75,14.25,
3006,92.75,14.75,
3007,92.75,15.25,
3008,92.75,15.75,
3009,92.75,16.25,
3010,92.75,16.75,
3011,92.75,17.25,
3012,92.75,17.75,
3013,92.75,18.25,
3014,92.75,18.75,
3015,92.75,19.25,
3016,92.75,19.75,
3017,92.75,20.25,15.0
3018,92.75,20.75,38.0
3019,92.75,21.25,60.0
3020,92.75,21.75,58.0
3021,92.75,22.25,58.0
3022,92.75,22.75,59.0
3023,92.75,23.25,61.0
3024,92.75,23.75,57.0
3025,92.75,24.25,61.0
3026,92.75,24.75,22.0
3027,92.75,25.25,54.0
3028,92.75,25.75,39.0
3029,92.75,26.25,22.0
3030,92.75,26.75,24.0
3031,92.75,27.25,70.0
3032,92.75,27.75,41.0
3033,92.75,28.25,7.0
3034,92.75,28.75,8.0
3035,92.75,29.25,9.0
3036,92.75,29.75,6.0
3037,92.75,30.25,7.0
3038,92.75,30.75,5.0
3039,92.75,31.25,5.0
3040,92.75,31.75,4.0
3041,92.75,32.25,3.0
3042,92.75,32.75,3.0
3043,92.75,33.25,2.0
3044,92.75,33.75,1.0
3045,92.75,34.25,0.0
3046,92.75,34.75,1.0
3047,92.75,35.25,0.0
3048,92.75,35.75,0.0
3049,92.75,36.25,0.0
3050,93.25,6.25,
3051,93.25,6.75,
3052,93.25,7.25,
3053,93.25,7.75,70.0
3054,93.25,8.25,56.0
3055,93.25,8.75,
3056,93.25,9.25,
3057,93.25,9.75,
3058,93.25,10.25,
3059,93.25,10.75,
3060,93.25,11.25,
3061,93.25,11.75,
3062,93.25,12.25,74.0
3063,93.25,12.75,
3064,93.25,13.25,62.0
3065,93.25,13.75,
3066,93.25,14.25,
3067,93.25,14.75,
3068,93.25,15.25,
3069,93.25,15.75,
3070,93.25,16.25,
3071,93.25,16.75,
3072,93.25,17.25,
3073,93.25,17.75,
3074,93.25,18.25,
3075,93.25,18.75,
3076,93.25,19.25,
3077,93.25,19.75,48.0
3078,93.25,20.25,21.0
3079,93.25,20.75,45.0
3080,93.25,21.25,62.0
3081,93.25,21.75,61.0
3082,93.25,22.25,49.0
3083,93.25,22.75,47.0
3084,93.25,23.25,49.0
3085,93.25,23.75,52.0
3086,93.25,24.25,65.0
3087,93.25,24.75,60.0
3088,93.25,25.25,59.0
3089,93.25,25.75,54.0
3090,93.25,26.25,51.0
3091,93.25,26.75,35.0
3092,93.25,27.25,71.0
3093,93.25,27.75,64.0
3094,93.25,28.25,43.0
3095,93.25,28.75,17.0
3096,93.25,29.25,13.0
3097,93.25,29.75,14.0
3098,93.25,30.25,10.0
3099,93.25,30.75,6.0
3100,93.25,31.25,6.0
3101,93.25,31.75,6.0
3102,93.25,32.25,4.0
3103,93.25,32.75,4.0
3104,93.25,33.25,2.0
3105,93.25,33.75,1.0
3106,93.25,34.25,1.0
3107,93.25,34.75,1.0
3108,93.25,35.25,1.0
3109,93.25,35.75,1.0
3110,93.25,36.25,0.0
3111,93.75,6.25,
3112,93.75,6.75,66.0
3113,93.75,7.25,73.0
3114,93.75,7.75,
3115,93.75,8.25,57.0
3116,93.75,8.75,
3117,93.75,9.25,
3118,93.75,9.75,
3119,93.75,10.25,
3120,93.75,10.75,
3121,93.75,11.25,
3122,93.75,11.75,
3123,93.75,12.25,
3124,93.75,12.75,
3125,93.75,13.25,
3126,93.75,13.75,
3127,93.75,14.25,
3128,93.75,14.75,
3129,93.75,15.25,
3130,93.75,15.75,
3131,93.75,16.25,
3132,93.75,16.75,
3133,93.75,17.25,
3134,93.75,17.75,
3135,93.75,18.25,
3136,93.75,18.75,23.0
3137,93.75,19.25,23.0
3138,93.75,19.75,36.0
3139,93.75,20.25,65.0
3140,93.75,20.75,60.0
3141,93.75,21.25,55.0
3142,93.75,21.75,47.0
3143,93.75,22.25,37.0
3144,93.75,22.75,31.0
3145,93.75,23.25,35.0
3146,93.75,23.75,43.0
3147,93.75,24.25,41.0
3148,93.75,24.75,38.0
3149,93.75,25.25,53.0
3150,93.75,25.75,43.0
3151,93.75,26.25,47.0
3152,93.75,26.75,19.0
3153,93.75,27.25,60.0
3154,93.75,27.75,69.0
3155,93.75,28.25,63.0
3156,93.75,28.75,18.0
3157,93.75,29.25,23.0
3158,93.75,29.75,22.0
3159,93.75,30.25,12.0
3160,93.75,30.75,6.0
3161,93.75,31.25,7.0
3162,93.75,31.75,7.0
3163,93.75,32.25,4.0
3164,93.75,32.75,5.0
3165,93.75,33.25,4.0
3166,93.75,33.75,2.0
3167,93.75,34.25,1.0
3168,93.75,34.75,1.0
3169,93.75,35.25,1.0
3170,93.75,35.75,1.0
3171,93.75,36.25,0.0
3172,94.25,6.25,
3173,94.25,6.75,
3174,94.25,7.25,
3175,94.25,7.75,
3176,94.25,8.25,
3177,94.25,8.75,
3178,94.25,9.25,
3179,94.25,9.75,
3180,94.25,10.25,
3181,94.25,10.75,
3182,94.25,11.25,
3183,94.25,11.75,
3184,94.25,12.25,
3185,94.25,12.75,
3186,94.25,13.25,
3187,94.25,13.75,
3188,94.25,14.25,
3189,94.25,14.75,
3190,94.25,15.25,
3191,94.25,15.75,12.0
3192,94.25,16.25,43.0
3193,94.25,16.75,53.0
3194,94.25,17.25,
3195,94.25,17.75,
3196,94.25,18.25,41.0
3197,94.25,18.75,50.0
3198,94.25,19.25,54.0
3199,94.25,19.75,58.0
3200,94.25,20.25,49.0
3201,94.25,20.75,24.0
3202,94.25,21.25,24.0
3203,94.25,21.75,26.0
3204,94.25,22.25,30.0
3205,94.25,22.75,30.0
3206,94.25,23.25,25.0
3207,94.25,23.75,42.0
3208,94.25,24.25,49.0
3209,94.25,24.75,38.0
3210,94.25,25.25,37.0
3211,94.25,25.75,45.0
3212,94.25,26.25,46.0
3213,94.25,26.75,20.0
3214,94.25,27.25,21.0
3215,94.25,27.75,71.0
3216,94.25,28.25,68.0
3217,94.25,28.75,45.0
3218,94.25,29.25,25.0
3219,94.25,29.75,22.0
3220,94.25,30.25,13.0
3221,94.25,30.75,6.0
3222,94.25,31.25,13.0
3223,94.25,31.75,7.0
3224,94.25,32.25,4.0
3225,94.25,32.75,6.0
3226,94.25,33.25,4.0
3227,94.25,33.75,4.0
3228,94.25,34.25,3.0
3229,94.25,34.75,2.0
3230,94.25,35.25,1.0
3231,94.25,35.75,1.0
3232,94.25,36.25,0.0
3233,94.75,6.25,
3234,94.75,6.75,
3235,94.75,7.25,
3236,94.75,7.75,
3237,94.75,8.25,
3238,94.75,8.75,
3239,94.75,9.25,
3240,94.75,9.75,
3241,94.75,10.25,
3242,94.75,10.75,
3243,94.75,11.25,
3244,94.75,11.75,
3245,94.75,12.25,
3246,94.75,12.75,
3247,94.75,13.25,
3248,94.75,13.75,
3249,94.75,14.25,
3250,94.75,14.75,
3251,94.75,15.25,
3252,94.75,15.75,18.0
3253,94.75,16.25,9.0
3254,94.75,16.75,16.0
3255,94.75,17.25,41.0
3256,94.75,17.75,57.0
3257,94.75,18.25,59.0
3258,94.75,18.75,48.0
3259,94.75,19.25,32.0
3260,94.75,19.75,16.0
3261,94.75,20.25,6.0
3262,94.75,20.75,3.0
3263,94.75,21.25,3.0
3264,94.75,21.75,7.0
3265,94.75,22.25,15.0
3266,94.75,22.75,20.0
3267,94.75,23.25,41.0
3268,94.75,23.75,60.0
3269,94.75,24.25,47.0
3270,94.75,24.75,47.0
3271,94.75,25.25,58.0
3272,94.75,25.75,47.0
3273,94.75,26.25,48.0
3274,94.75,26.75,43.0
3275,94.75,27.25,13.0
3276,94.75,27.75,53.0
3277,94.75,28.25,71.0
3278,94.75,28.75,73.0
3279,94.75,29.25,28.0
3280,94.75,29.75,28.0
3281,94.75,30.25,21.0
3282,94.75,30.75,5.0
3283,94.75,31.25,15.0
3284,94.75,31.75,7.0
3285,94.75,32.25,5.0
3286,94.75,32.75,4.0
3287,94.75,33.25,4.0
3288,94.75,33.75,4.0
3289,94.75,34.25,4.0
3290,94.75,34.75,3.0
3291,94.75,35.25,1.0
3292,94.75,35.75,1.0
3293,94.75,36.25,0.0
3294,95.25,6.25,
3295,95.25,6.75,
3296,95.25,7.25,
3297,95.25,7.75,
3298,95.25,8.25,
3299,95.25,8.75,
3300,95.25,9.25,
3301,95.25,9.75,
3302,95.25,10.25,
3303,95.25,10.75,
3304,95.25,11.25,
3305,95.25,11.75,
3306,95.25,12.25,
3307,95.25,12.75,
3308,95.25,13.25,
3309,95.25,13.75,
3310,95.25,14.25,
3311,95.25,14.75,
3312,95.25,15.25,
3313,95.25,15.75,23.0
3314,95.25,16.25,7.0
3315,95.25,16.75,9.0
3316,95.25,17.25,5.0
3317,95.25,17.75,7.0
3318,95.25,18.25,10.0
3319,95.25,18.75,10.0
3320,95.25,19.25,9.0
3321,95.25,19.75,5.0
3322,95.25,20.25,2.0
3323,95.25,20.75,4.0
3324,95.25,21.25,2.0
3325,95.25,21.75,2.0
3326,95.25,22.25,3.0
3327,95.25,22.75,5.0
3328,95.25,23.25,10.0
3329,95.25,23.75,28.0
3330,95.25,24.25,51.0
3331,95.25,24.75,53.0
3332,95.25,25.25,67.0
3333,95.25,25.75,71.0
3334,95.25,26.25,57.0
3335,95.25,26.75,56.0
3336,95.25,27.25,28.0
3337,95.25,27.75,30.0
3338,95.25,28.25,70.0
3339,95.25,28.75,58.0
3340,95.25,29.25,54.0
3341,95.25,29.75,33.0
3342,95.25,30.25,18.0
3343,95.25,30.75,9.0
3344,95.25,31.25,17.0
3345,95.25,31.75,6.0
3346,95.25,32.25,4.0
3347,95.25,32.75,3.0
3348,95.25,33.25,4.0
3349,95.25,33.75,4.0
3350,95.25,34.25,5.0
3351,95.25,34.75,5.0
3352,95.25,35.25,1.0
3353,95.25,35.75,1.0
3354,95.25,36.25,0.0
3355,95.75,6.25,
3356,95.75,6.75,
3357,95.75,7.25,
3358,95.75,7.75,
3359,95.75,8.25,
3360,95.75,8.75,
3361,95.75,9.25,
3362,95.75,9.75,
3363,95.75,10.25,
3364,95.75,10.75,
3365,95.75,11.25,
3366,95.75,11.75,
3367,95.75,12.25,
3368,95.75,12.75,
3369,95.75,13.25,
3370,95.75,13.75,
3371,95.75,14.25,
3372,95.75,14.75,
3373,95.75,15.25,
3374,95.75,15.75,17.0
3375,95.75,16.25,5.0
3376,95.75,16.75,8.0
3377,95.75,17.25,7.0
3378,95.75,17.75,9.0
3379,95.75,18.25,16.0
3380,95.75,18.75,22.0
3381,95.75,19.25,25.0
3382,95.75,19.75,18.0
3383,95.75,20.25,9.0
3384,95.75,20.75,2.0
3385,95.75,21.25,2.0
3386,95.75,21.75,3.0
3387,95.75,22.25,3.0
3388,95.75,22.75,6.0
3389,95.75,23.25,15.0
3390,95.75,23.75,22.0
3391,95.75,24.25,43.0
3392,95.75,24.75,56.0
3393,95.75,25.25,69.0
3394,95.75,25.75,73.0
3395,95.75,26.25,71.0
3396,95.75,26.75,67.0
3397,95.75,27.25,61.0
3398,95.75,27.75,27.0
3399,95.75,28.25,59.0
3400,95.75,28.75,66.0
3401,95.75,29.25,29.0
3402,95.75,29.75,20.0
3403,95.75,30.25,11.0
3404,95.75,30.75,12.0
3405,95.75,31.25,8.0
3406,95.75,31.75,6.0
3407,95.75,32.25,4.0
3408,95.75,32.75,5.0
3409,95.75,33.25,3.0
3410,95.75,33.75,3.0
3411,95.75,34.25,4.0
3412,95.75,34.75,4.0
3413,95.75,35.25,2.0
3414,95.75,35.75,0.0
3415,95.75,36.25,0.0
3416,96.25,6.25,
3417,96.25,6.75,
3418,96.25,7.25,
3419,96.25,7.75,
3420,96.25,8.25,
3421,96.25,8.75,
3422,96.25,9.25,
3423,96.25,9.75,
3424,96.25,10.25,
3425,96.25,10.75,
3426,96.25,11.25,
3427,96.25,11.75,
3428,96.25,12.25,
3429,96.25,12.75,
3430,96.25,13.25,
3431,96.25,13.75,
3432,96.25,14.25,
3433,96.25,14.75,
3434,96.25,15.25,
3435,96.25,15.75,
3436,96.25,16.25,3.0
3437,96.25,16.75,3.0
3438,96.25,17.25,13.0
3439,96.25,17.75,44.0
3440,96.25,18.25,42.0
3441,96.25,18.75,35.0
3442,96.25,19.25,31.0
3443,96.25,19.75,29.0
3444,96.25,20.25,29.0
3445,96.25,20.75,24.0
3446,96.25,21.25,16.0
3447,96.25,21.75,13.0
3448,96.25,22.25,21.0
3449,96.25,22.75,43.0
3450,96.25,23.25,34.0
3451,96.25,23.75,27.0
3452,96.25,24.25,35.0
3453,96.25,24.75,56.0
3454,96.25,25.25,56.0
3455,96.25,25.75,67.0
3456,96.25,26.25,75.0
3457,96.25,26.75,76.0
3458,96.25,27.25,71.0
3459,96.25,27.75,62.0
3460,96.25,28.25,50.0
3461,96.25,28.75,30.0
3462,96.25,29.25,10.0
3463,96.25,29.75,10.0
3464,96.25,30.25,7.0
3465,96.25,30.75,9.0
3466,96.25,31.25,7.0
3467,96.25,31.75,8.0
3468,96.25,32.25,3.0
3469,96.25,32.75,3.0
3470,96.25,33.25,3.0
3471,96.25,33.75,6.0
3472,96.25,34.25,4.0
3473,96.25,34.75,3.0
3474,96.25,35.25,1.0
3475,96.25,35.75,0.0
3476,96.25,36.25,0.0
3477,96.75,6.25,
3478,96.75,6.75,
3479,96.75,7.25,
3480,96.75,7.75,
3481,96.75,8.25,
3482,96.75,8.75,
3483,96.75,9.25,
3484,96.75,9.75,
3485,96.75,10.25,
3486,96.75,10.75,
3487,96.75,11.25,
3488,96.75,11.75,
3489,96.75,12.25,
3490,96.75,12.75,
3491,96.75,13.25,
3492,96.75,13.75,
3493,96.75,14.25,
3494,96.75,14.75,
3495,96.75,15.25,
3496,96.75,15.75,
3497,96.75,16.25,
3498,96.75,16.75,2.0
3499,96.75,17.25,6.0
3500,96.75,17.75,14.0
3501,96.75,18.25,28.0
3502,96.75,18.75,48.0
3503,96.75,19.25,56.0
3504,96.75,19.75,43.0
3505,96.75,20.25,25.0
3506,96.75,20.75,11.0
3507,96.75,21.25,24.0
3508,96.75,21.75,32.0
3509,96.75,22.25,21.0
3510,96.75,22.75,48.0
3511,96.75,23.25,45.0
3512,96.75,23.75,53.0
3513,96.75,24.25,44.0
3514,96.75,24.75,65.0
3515,96.75,25.25,51.0
3516,96.75,25.75,65.0
3517,96.75,26.25,71.0
3518,96.75,26.75,77.0
3519,96.75,27.25,73.0
3520,96.75,27.75,61.0
3521,96.75,28.25,40.0
3522,96.75,28.75,20.0
3523,96.75,29.25,9.0
3524,96.75,29.75,3.0
3525,96.75,30.25,5.0
3526,96.75,30.75,4.0
3527,96.75,31.25,14.0
3528,96.75,31.75,13.0
3529,96.75,32.25,7.0
3530,96.75,32.75,6.0
3531,96.75,33.25,6.0
3532,96.75,33.75,6.0
3533,96.75,34.25,3.0
3534,96.75,34.75,3.0
3535,96.75,35.25,1.0
3536,96.75,35.75,0.0
3537,96.75,36.25,0.0
3538,97.25,6.25,
3539,97.25,6.75,
3540,97.25,7.25,
3541,97.25,7.75,
3542,97.25,8.25,
3543,97.25,8.75,
3544,97.25,9.25,
3545,97.25,9.75,
3546,97.25,10.25,
3547,97.25,10.75,
3548,97.25,11.25,
3549,97.25,11.75,
3550,97.25,12.25,
3551,97.25,12.75,
3552,97.25,13.25,
3553,97.25,13.75,
3554,97.25,14.25,
3555,97.25,14.75,
3556,97.25,15.25,
3557,97.25,15.75,
3558,97.25,16.25,8.0
3559,97.25,16.75,11.0
3560,97.25,17.25,31.0
3561,97.25,17.75,61.0
3562,97.25,18.25,58.0
3563,97.25,18.75,35.0
3564,97.25,19.25,26.0
3565,97.25,19.75,16.0
3566,97.25,20.25,14.0
3567,97.25,20.75,17.0
3568,97.25,21.25,32.0
3569,97.25,21.75,36.0
3570,97.25,22.25,29.0
3571,97.25,22.75,38.0
3572,97.25,23.25,55.0
3573,97.25,23.75,61.0
3574,97.25,24.25,50.0
3575,97.25,24.75,59.0
3576,97.25,25.25,42.0
3577,97.25,25.75,72.0
3578,97.25,26.25,79.0
3579,97.25,26.75,79.0
3580,97.25,27.25,71.0
3581,97.25,27.75,62.0
3582,97.25,28.25,23.0
3583,97.25,28.75,26.0
3584,97.25,29.25,8.0
3585,97.25,29.75,7.0
3586,97.25,30.25,4.0
3587,97.25,30.75,10.0
3588,97.25,31.25,16.0
3589,97.25,31.75,16.0
3590,97.25,32.25,10.0
3591,97.25,32.75,9.0
3592,97.25,33.25,7.0
3593,97.25,33.75,5.0
3594,97.25,34.25,4.0
3595,97.25,34.75,2.0
3596,97.25,35.25,0.0
3597,97.25,35.75,1.0
3598,97.25,36.25,0.0
3599,97.75,6.25,
3600,97.75,6.75,
3601,97.75,7.25,
3602,97.75,7.75,
3603,97.75,8.25,
3604,97.75,8.75,
3605,97.75,9.25,
3606,97.75,9.75,
3607,97.75,10.25,
3608,97.75,10.75,
3609,97.75,11.25,
3610,97.75,11.75,
3611,97.75,12.25,80.0
3612,97.75,12.75,
3613,97.75,13.25,
3614,97.75,13.75,
3615,97.75,14.25,49.0
3616,97.75,14.75,42.0
3617,97.75,15.25,39.0
3618,97.75,15.75,33.0
3619,97.75,16.25,14.0
3620,97.75,16.75,11.0
3621,97.75,17.25,31.0
3622,97.75,17.75,55.0
3623,97.75,18.25,46.0
3624,97.75,18.75,45.0
3625,97.75,19.25,46.0
3626,97.75,19.75,32.0
3627,97.75,20.25,23.0
3628,97.75,20.75,21.0
3629,97.75,21.25,20.0
3630,97.75,21.75,25.0
3631,97.75,22.25,30.0
3632,97.75,22.75,36.0
3633,97.75,23.25,43.0
3634,97.75,23.75,41.0
3635,97.75,24.25,51.0
3636,97.75,24.75,55.0
3637,97.75,25.25,66.0
3638,97.75,25.75,73.0
3639,97.75,26.25,76.0
3640,97.75,26.75,79.0
3641,97.75,27.25,75.0
3642,97.75,27.75,73.0
3643,97.75,28.25,24.0
3644,97.75,28.75,11.0
3645,97.75,29.25,9.0
3646,97.75,29.75,7.0
3647,97.75,30.25,7.0
3648,97.75,30.75,7.0
3649,97.75,31.25,7.0
3650,97.75,31.75,7.0
3651,97.75,32.25,10.0
3652,97.75,32.75,10.0
3653,97.75,33.25,6.0
3654,97.75,33.75,7.0
3655,97.75,34.25,5.0
3656,97.75,34.75,2.0
3657,97.75,35.25,1.0
3658,97.75,35.75,1.0
3659,97.75,36.25,0.0
3660,98.25,6.25,
3661,98.25,6.75,
3662,98.25,7.25,
3663,98.25,7.75,34.0
3664,98.25,8.25,53.0
3665,98.25,8.75,56.0
3666,98.25,9.25,59.0
3667,98.25,9.75,71.0
3668,98.25,10.25,73.0
3669,98.25,10.75,74.0
3670,98.25,11.25,79.0
3671,98.25,11.75,72.0
3672,98.25,12.25,74.0
3673,98.25,12.75,76.0
3674,98.25,13.25,58.0
3675,98.25,13.75,47.0
3676,98.25,14.25,44.0
3677,98.25,14.75,57.0
3678,98.25,15.25,57.0
3679,98.25,15.75,49.0
3680,98.25,16.25,44.0
3681,98.25,16.75,39.0
3682,98.25,17.25,48.0
3683,98.25,17.75,48.0
3684,98.25,18.25,35.0
3685,98.25,18.75,47.0
3686,98.25,19.25,42.0
3687,98.25,19.75,49.0
3688,98.25,20.25,32.0
3689,98.25,20.75,36.0
3690,98.25,21.25,34.0
3691,98.25,21.75,34.0
3692,98.25,22.25,31.0
3693,98.25,22.75,32.0
3694,98.25,23.25,37.0
3695,98.25,23.75,38.0
3696,98.25,24.25,39.0
3697,98.25,24.75,43.0
3698,98.25,25.25,52.0
3699,98.25,25.75,68.0
3700,98.25,26.25,76.0
3701,98.25,26.75,78.0
3702,98.25,27.25,74.0
3703,98.25,27.75,53.0
3704,98.25,28.25,26.0
3705,98.25,28.75,25.0
3706,98.25,29.25,14.0
3707,98.25,29.75,13.0
3708,98.25,30.25,4.0
3709,98.25,30.75,5.0
3710,98.25,31.25,11.0
3711,98.25,31.75,9.0
3712,98.25,32.25,16.0
3713,98.25,32.75,7.0
3714,98.25,33.25,6.0
3715,98.25,33.75,8.0
3716,98.25,34.25,4.0
3717,98.25,34.75,1.0
3718,98.25,35.25,1.0
3719,98.25,35.75,1.0
3720,98.25,36.25,1.0
